,state_abbr,year,population,violent_crime,homicide,robbery,aggravated_assault,property_crime,burglary,larceny,motor_vehicle_theft
0,AL,2017,4875120,25469,419,4233,18816,143774,31270,99707,12797
1,AL,2018,4887681,25567,383,4047,19105,138702,29101,96328,13273
2,AL,2019,4903185,25046,358,3941,18679,131133,26079,92477,12577
3,AK,2017,739786,6338,62,952,4250,26203,4167,17782,4254
4,AK,2018,735139,6555,47,896,4400,24345,3985,16364,3996
5,AK,2019,731545,6343,69,826,4360,21294,3563,15114,2617
6,AZ,2017,7048876,35647,422,7440,24163,204999,37722,148251,19026
7,AZ,2018,7158024,34053,383,6509,23556,192730,31787,141789,19154
8,AZ,2019,7278717,33141,365,6410,22704,177638,28699,130788,18151
9,AR,2017,3002997,16996,249,1998,12609,94419,22369,64795,7255
10,AR,2018,3009733,16904,222,1593,12748,89177,19520,62350,7307
11,AR,2019,3017804,17643,242,1557,13513,86250,18095,60735,7420
12,CA,2017,39399349,178597,1830,56625,105418,987063,176679,642019,168365
13,CA,2018,39461588,176604,1739,54328,105031,941644,164645,621779,155220
14,CA,2019,39512223,174331,1690,52301,105541,921114,152555,626802,141757
15,CO,2017,5615902,20901,222,3868,12790,152032,22618,107470,21944
16,CO,2018,5691287,22851,215,3781,14527,154292,21757,110518,22017
17,CO,2019,5758736,21938,218,3663,14185,149189,20064,107012,22113
18,CT,2017,3573880,8190,105,2813,4422,63646,8906,47418,7322
19,CT,2018,3571520,7485,86,2205,4321,59356,7983,44181,7192
20,CT,2019,3565287,6546,104,1929,3742,50862,6441,38457,5964
21,DE,2017,957078,4377,51,1082,2893,23430,3960,18108,1362
22,DE,2018,965479,4079,46,861,2838,22405,3154,17780,1471
23,DE,2019,973764,4115,48,790,2967,21931,2968,17359,1604
24,DC,2019,705749,7403,166,2713,4179,30821,1843,26645,2333
25,DC,2017,695691,6976,116,2625,3791,29736,1809,25340,2587
26,DC,2018,701547,6995,160,2415,3970,30726,1788,26345,2593
27,FL,2018,21244317,81980,1107,16884,55551,486017,71933,372919,41165
28,FL,2019,21477737,81270,1122,16217,55475,460846,63396,358402,39048
29,FL,2017,20976812,85606,1057,18597,58016,527125,88835,395375,42915
30,GA,2017,10413055,37118,681,9844,23947,297651,55363,216252,26036
31,GA,2018,10511131,35619,647,8499,23675,277803,46816,205631,25356
32,GA,2019,10617423,36170,654,7961,24633,252249,39506,188967,23776
33,HI,2017,1424203,3577,39,1077,1894,40392,5549,29574,5269
34,HI,2018,1420593,3622,40,951,1922,41027,5709,29600,5718
35,HI,2019,1415872,4042,48,1131,2098,40228,5340,29634,5254
36,IA,2017,3143637,9038,98,1269,6366,65652,14711,45441,5500
37,IA,2018,3148618,8303,70,989,6118,57024,12433,39498,5093
38,IA,2019,3155070,8410,60,863,6323,54699,11710,37847,5142
39,ID,2017,1718904,4111,42,222,3092,28557,5837,20570,2150
40,ID,2018,1750536,4196,34,195,3040,25822,4990,18876,1956
41,ID,2019,1787065,4000,35,155,3001,21793,3927,16295,1571
42,IL,2017,12786196,55777,983,17731,31639,255108,43355,190860,20893
43,IL,2018,12723071,52343,902,14251,31084,246679,39317,187517,19845
44,IL,2019,12671821,51561,832,12464,32187,233984,34433,180776,18775
45,IN,2017,6660082,26307,413,7035,16247,158932,29799,114395,14738
46,IN,2018,6695497,25009,418,5737,16368,146948,25894,105861,15193
47,IN,2019,6732219,24966,377,5331,16783,132694,21795,97176,13723
48,KS,2017,2910689,11654,134,1633,8383,79387,13102,58891,7394
49,KS,2018,2911359,12861,122,1420,9655,77449,12792,56726,7931
50,KS,2019,2913314,11968,105,1293,9154,67428,9984,50165,7279
51,KY,2017,4453874,10292,265,2967,5243,95899,20535,65006,10358
52,KY,2018,4461153,9719,250,2469,5125,89235,17462,61313,10460
53,KY,2019,4467673,9701,221,2161,5747,84769,15443,59130,10196
54,LA,2017,4670818,25986,576,5385,18175,157272,34135,112042,11095
55,LA,2018,4659690,25314,533,4600,18076,152996,31291,110066,11639
56,LA,2019,4648794,25537,544,4025,18695,146993,26918,109359,10716
57,MA,2017,6863246,24318,172,4874,17073,97977,16916,73573,7488
58,MA,2018,6882635,23424,138,4084,16737,87658,14095,66968,6595
59,MA,2019,6892503,22578,152,3613,16609,81317,12341,62844,6132
60,MD,2017,6024891,30321,558,11189,16862,134705,23526,97657,13522
61,MD,2018,6035802,28330,491,9716,16132,122945,18910,91887,12148
62,MD,2019,6045680,27456,542,9203,15798,117901,16862,89780,11259
63,ME,2017,1335063,1610,23,249,868,20142,3337,16012,793
64,ME,2018,1339057,1500,23,228,802,18201,2712,14712,777
65,ME,2019,1344212,1548,20,188,824,16743,2350,13667,726
66,MI,2017,9976447,44883,569,6508,30696,179839,35833,124410,19596
67,MI,2018,9984072,45176,555,5638,31082,166186,31834,116876,17476
68,MI,2019,9986857,43686,556,5350,30545,158296,28572,111980,17744
69,MN,2017,5568155,13345,114,3627,7199,122430,18828,93602,10000
70,MN,2018,5606249,12403,107,2946,6875,112186,16206,85849,10131
71,MN,2019,5639632,13332,117,3149,7618,117236,15927,90092,11217
72,MO,2017,6108612,32450,599,6362,22752,173380,30086,123356,19938
73,MO,2018,6121623,30696,599,5206,21956,162698,27345,115506,19847
74,MO,2019,6137428,30380,568,4959,21936,161946,26414,114460,21072
75,MS,2017,2989663,7661,190,2492,4321,82764,22449,55968,4347
76,MS,2018,2981020,7929,214,1700,5419,71701,20355,46201,5145
77,MS,2019,2976149,8272,332,1700,5493,70707,18660,46300,5747
78,MT,2017,1053090,3937,41,234,3023,27294,3623,21073,2598
79,MT,2018,1060665,4040,37,270,3164,26787,3329,20641,2817
80,MT,2019,1068778,4328,27,205,3472,23440,2887,18176,2377
81,NC,2017,10270800,38043,622,9884,25593,265483,65247,184119,16117
82,NC,2018,10381615,36980,574,7573,26200,243323,57450,169376,16497
83,NC,2019,10488084,38995,632,7599,27517,247236,54447,174728,18061
84,ND,2017,755176,2133,10,183,1534,16653,2947,11944,1762
85,ND,2018,758080,2154,18,158,1569,15621,2742,11088,1791
86,ND,2019,762062,2169,24,179,1529,15066,2608,10666,1792
87,NE,2017,1917575,5979,42,1020,3726,43856,6513,32064,5279
88,NE,2018,1925614,5583,44,736,3513,40193,5308,29987,4898
89,NE,2019,1934408,5821,45,792,3731,39449,4745,29719,4985
90,NH,2017,1349767,2642,13,441,1569,18550,2554,15087,909
91,NH,2018,1353465,2404,21,342,1463,17201,1908,14396,897
92,NH,2019,1359711,2074,33,313,1138,16442,1717,13832,893
93,NJ,2017,8888543,20604,324,7895,10880,140086,23891,104025,12170
94,NJ,2018,8886025,18536,285,6364,10463,125155,19232,94886,11037
95,NJ,2019,8882190,18375,262,5730,10852,118637,16399,91902,10336
96,NM,2017,2093395,16300,144,3732,11180,81865,17872,52284,11709
97,NM,2018,2092741,17637,153,2646,13536,70722,16102,44592,10028
98,NM,2019,2096829,17450,181,2341,13640,65269,14610,41702,8957
99,NV,2017,2972405,16663,266,4841,9660,78320,20049,45459,12812
100,NV,2018,3027341,16715,202,3862,10322,73998,17741,44341,11916
101,NV,2019,3080156,15210,143,3286,9620,71525,15510,44755,11260
102,NY,2017,19590719,70746,550,20122,43777,293390,34928,245093,13369
103,NY,2018,19530351,68512,562,18191,43182,281543,31158,237243,13142
104,NY,2019,19453561,69764,558,18068,44555,267155,27600,226851,12704
105,OH,2017,11664129,34621,741,11224,16823,280557,57521,202320,20716
106,OH,2018,11676341,34426,596,9608,18370,257848,49456,188433,19959
107,OH,2019,11689100,34269,538,8846,19154,240291,43894,177725,18672
108,OK,2017,3932640,17989,243,3007,12519,113611,28749,72546,12316
109,OK,2018,3940235,18701,215,2805,13250,114395,27178,73799,13418
110,OK,2019,3956971,17086,266,2369,12183,112587,26577,72632,13378
111,OR,2017,4146592,11629,105,2474,7058,122524,17415,88091,17018
112,OR,2018,4181886,12146,86,2515,7431,122401,16515,89191,16695
113,OR,2019,4217737,11995,116,2276,7825,115170,14724,85261,15185
114,PA,2017,12790447,40030,742,11777,23295,210316,31925,165434,12957
115,PA,2018,12800922,39099,784,9854,23971,190633,27054,150441,13138
116,PA,2019,12801989,39228,669,9743,24465,179665,23354,143921,12390
117,RI,2017,1056486,2474,21,474,1525,18585,3219,13882,1484
118,RI,2018,1058287,2326,16,453,1363,17625,2817,13270,1538
119,RI,2019,1059361,2342,25,418,1408,16259,2321,12580,1358
120,SC,2017,5021219,25412,380,3884,18572,160368,31165,114931,14272
121,SC,2018,5084156,25463,411,3592,18810,156330,29957,111427,14946
122,SC,2019,5148714,26323,464,3294,20105,151389,27461,108953,14975
123,SD,2017,873286,3753,27,264,2887,16588,2835,12285,1468
124,SD,2018,878698,3483,12,222,2632,15191,2502,11237,1452
125,SD,2019,884659,3530,17,195,2676,15667,2646,11265,1756
126,TN,2017,6708794,43940,538,7867,32507,198028,38819,140636,18573
127,TN,2018,6771631,42687,508,7222,31946,192897,33538,138710,20649
128,TN,2019,6829174,40647,498,6150,31186,181153,29869,132104,19180
129,TX,2017,28322717,123984,1405,32120,75923,723143,133458,521767,67918
130,TX,2018,28628666,118197,1327,28339,73433,681143,117897,493238,70008
131,TX,2019,28995881,121474,1409,28988,76253,693204,113902,501813,77489
132,UT,2017,3103118,7515,74,1498,4185,86201,11780,64955,9466
133,UT,2018,3153550,7551,63,1237,4397,76294,10079,58406,7809
134,UT,2019,3205958,7553,72,1125,4534,69546,8871,53937,6738
135,VA,2017,8465207,17811,470,4331,9984,152515,18524,123812,10179
136,VA,2018,8501286,17357,417,3610,10258,142931,15659,116496,10776
137,VA,2019,8535519,17753,426,3524,10987,140213,13900,116044,10269
138,VT,2017,624525,1082,17,100,711,9339,1945,7169,225
139,VT,2018,624358,1155,11,73,745,8211,1496,6451,264
140,VT,2019,623989,1262,11,71,902,8888,1275,7315,298
141,WA,2017,7425432,22483,226,5386,13571,235206,43687,162154,29365
142,WA,2018,7523869,23719,236,5557,14316,223256,40434,154941,27881
143,WA,2019,7614893,22377,198,5147,13700,204224,34540,145282,24402
144,WI,2017,5792051,18638,192,4370,11899,104908,17570,77868,9470
145,WI,2018,5807406,17365,175,3493,11364,91238,14180,68380,8678
146,WI,2019,5822434,17070,175,2991,11643,85672,12667,65620,7385
147,WV,2017,1817048,6564,98,673,5000,32560,7557,21917,3086
148,WV,2018,1804291,5411,76,333,4286,27888,5916,19783,2189
149,WV,2019,1792147,5674,78,378,4464,28376,5891,20066,2419
150,WY,2017,578934,1358,14,98,993,10528,1556,8211,761
151,WY,2018,577601,1235,14,75,885,10308,1551,7974,783
152,WY,2019,578759,1258,13,67,854,9093,1396,6984,713
175,AL,1995,4253000,26894,475,7900,17169,179294,43586,120967,14741
176,AL,1996,4273000,24159,444,7124,15194,181803,42821,123350,15632
177,AL,1997,4319000,24379,426,6931,15626,186809,43786,127616,15407
178,AL,1998,4352000,22286,354,5698,14791,177779,41965,120943,14871
179,AL,1999,4369862,21421,345,5297,14266,171398,38648,119616,13134
180,AL,2000,4447100,21620,329,5702,14107,180539,40331,127399,12809
181,AL,2001,4468912,19582,379,5584,12250,173253,40642,119992,12619
182,AL,2002,4478896,19931,303,5962,12002,180400,42578,123932,13890
183,AL,2003,4503726,19331,299,6038,11338,182241,43245,124039,14957
184,AL,2004,4525375,19324,254,6042,11286,182340,44666,123650,14024
185,AL,2005,4548327,19678,374,6447,11293,177393,43473,120780,13140
186,AL,2006,4599030,19553,382,7062,10463,181249,44780,121451,15018
187,AL,2007,4627851,20775,412,7398,11417,184082,45379,124465,14238
188,AL,2008,4661900,21110,351,7346,11795,190416,50411,126539,13466
189,AL,2009,4708708,21194,322,6265,13103,178007,48844,118072,11091
190,AL,2010,4785401,18363,275,4864,11869,168828,42484,115564,10780
191,AL,2011,4803689,20166,299,4906,13591,173192,51119,111411,10662
192,AL,2012,4817528,21693,342,5020,15035,168878,47481,111523,9874
193,AL,2013,4833996,20834,346,4645,13788,161835,42410,108862,10563
194,AL,2014,4846411,20727,276,4702,13744,154087,39723,104223,10141
195,AL,2015,4853875,22957,348,4612,15960,144785,35265,99182,10338
196,AL,2016,4863300,25886,407,4686,18877,143362,34065,97574,11723
197,AK,1995,604000,4656,55,937,3179,30097,5055,21891,3151
198,AK,1996,607000,4417,45,710,3264,28667,5118,20557,2992
199,AK,1997,609000,4270,54,648,3165,27840,4276,20780,2784
200,AK,1998,614000,4015,41,532,3021,25316,4098,18611,2607
201,AK,1999,619500,3908,52,566,2773,23099,3787,16654,2658
202,AK,2000,626932,3554,27,490,2540,23087,3899,16838,2350
203,AK,2001,633630,3735,39,514,2681,23160,3847,16695,2618
204,AK,2002,641482,3627,33,489,2594,24118,3908,17739,2471
205,AK,2003,648280,3877,39,446,2787,24386,3874,18051,2461
206,AK,2004,657755,4159,37,447,3117,22172,3773,16159,2240
207,AK,2005,663253,4194,32,537,3087,23975,4131,17249,2595
208,AK,2006,670053,4610,36,600,3462,23975,4155,17284,2536
209,AK,2007,683478,4520,43,581,3351,23096,3734,16929,2433
210,AK,2008,686293,4475,27,645,3356,20090,3237,15225,1628
211,AK,2009,698473,4424,22,654,3235,20538,3600,15251,1687
212,AK,2010,714146,4537,31,594,3379,20259,3105,15535,1619
213,AK,2011,723860,4416,30,576,3374,19094,2852,14854,1388
214,AK,2012,730307,4412,30,630,3169,20037,2950,15565,1522
215,AK,2013,737259,4709,34,623,3127,21211,2917,16599,1695
216,AK,2014,737046,4684,41,629,3243,20334,3150,15445,1739
217,AK,2015,737709,5391,59,761,3671,20806,3511,15249,2046
218,AK,2016,741894,5966,52,850,4011,24876,4053,17766,3057
219,AZ,1995,4218000,30095,439,7329,20909,316355,59762,207763,48830
220,AZ,1996,4428000,27963,377,7429,18776,284964,55630,188300,41034
221,AZ,1997,4555000,28411,375,7547,18997,299323,60077,195045,44201
222,AZ,1998,4669000,26984,376,7715,17442,280001,56473,183137,40391
223,AZ,1999,4778332,26334,384,7288,17279,255401,49423,167731,38247
224,AZ,2000,5130632,27281,359,7504,17841,271811,51902,176705,43204
225,AZ,2001,5306966,28675,400,8868,17889,293874,54821,186850,52203
226,AZ,2002,5441125,30171,387,8000,20176,318296,59087,201541,57668
227,AZ,2003,5579222,28638,441,7619,18722,314335,58613,198725,56997
228,AZ,2004,5739879,28952,414,7721,18921,291203,56885,179012,55306
229,AZ,2005,5953007,30478,445,8579,19448,287345,56328,176112,54905
230,AZ,2006,6166318,33456,533,9491,20983,294389,59418,178321,56650
231,AZ,2007,6338755,32835,548,9764,20170,287308,59988,177076,50244
232,AZ,2008,6500180,31567,462,9809,19096,266653,58606,169460,38587
233,AZ,2009,6595778,28128,380,8199,17270,236721,54308,155976,26437
234,AZ,2010,6413158,26528,408,6953,16976,226802,50932,154137,21733
235,AZ,2011,6467315,26789,397,7145,16748,229896,54695,155400,19801
236,AZ,2012,6551149,28077,358,7383,18054,231701,52911,159808,18982
237,AZ,2013,6634997,27576,355,6656,17391,223294,48292,158036,16966
238,AZ,2014,6728783,26422,311,6225,16614,213406,43412,152683,17311
239,AZ,2015,6817565,27968,306,6360,18193,207184,38010,152388,16786
240,AZ,2016,6931071,32583,380,7055,21858,206432,37736,150275,18421
241,AR,1995,2484000,13741,259,3122,9435,102780,24763,69935,8082
242,AR,1996,2510000,13161,219,2864,9032,104790,23925,73010,7855
243,AR,1997,2523000,13293,250,2814,9131,105759,25568,72253,7938
244,AR,1998,2538000,12442,201,2442,8906,96271,23559,65525,7187
245,AR,1999,2551373,10848,143,2024,7971,92283,21692,63927,6664
246,AR,2000,2673400,11904,168,2001,8887,98115,21443,69740,6932
247,AR,2001,2694698,12190,148,2181,8969,99106,22196,69590,7320
248,AR,2002,2706268,11501,142,2524,8081,101171,23229,71129,6813
249,AR,2003,2727774,12449,180,2227,9131,99084,25016,68061,6007
250,AR,2004,2750000,13814,176,2372,10083,110911,30151,74242,6518
251,AR,2005,2775708,14670,189,2532,10747,112914,30118,75510,7286
252,AR,2006,2810872,15538,205,2749,11259,112025,31864,72646,7515
253,AR,2007,2834797,15226,198,3105,10629,112130,32035,73096,6999
254,AR,2008,2855390,14649,165,2777,10244,110360,33912,69905,6543
255,AR,2009,2889450,14905,179,2576,10772,109078,34753,68228,6097
256,AR,2010,2921588,14711,134,2369,10887,103820,32463,65796,5561
257,AR,2011,2938582,14173,160,2357,10426,110430,34016,70645,5769
258,AR,2012,2949828,13851,174,2310,10134,109389,32673,70982,5734
259,AR,2013,2958765,13705,158,2261,9796,106477,30369,70430,5678
260,AR,2014,2966835,14248,175,2037,10220,99452,24816,69001,5635
261,AR,2015,2977853,15769,189,2117,11455,97391,22851,68720,5820
262,AR,2016,2988248,16461,216,2120,11982,97673,23771,66747,7155
263,CA,1995,31589000,305154,3531,104611,186458,1536830,353895,902456,280479
264,CA,1996,31878000,274996,2916,94222,167614,1385135,312212,830457,242466
265,CA,1997,32268000,257582,2579,81468,163346,1312367,299240,784405,228722
266,CA,1998,32667000,229883,2171,68782,149148,1188791,269012,724262,195517
267,CA,1999,33145121,207879,2005,60039,136472,1053285,223814,660991,168480
268,CA,2000,33871648,210531,2079,60249,138418,1056183,222293,651855,182035
269,CA,2001,34600463,212867,2206,64614,136087,1134189,232273,697739,204177
270,CA,2002,35001986,208388,2395,64968,130827,1176484,238428,715692,222364
271,CA,2003,35462712,205551,2407,63770,129380,1215086,242274,731486,241326
272,CA,2004,35842038,189175,2392,61768,115400,1227194,245903,728687,252604
273,CA,2005,36154147,190178,2503,63622,114661,1200531,250521,692467,257543
274,CA,2006,36457549,194483,2486,71142,111620,1159988,247230,669103,243655
275,CA,2007,36553215,191561,2262,70706,109547,1112510,237850,654526,220134
276,CA,2008,36756666,185329,2142,69388,104896,1080996,237811,650656,192529
277,CA,2009,36961664,174934,1972,64093,100156,1009433,230198,615402,163833
278,CA,2010,37338198,164133,1809,58116,95877,981939,228857,600558,152524
279,CA,2011,37683933,154943,1792,54291,91195,973822,230075,596905,146842
280,CA,2012,37999878,160944,1884,56521,94702,1049465,245767,635090,168608
281,CA,2013,38431393,154739,1746,53640,89029,1018907,232058,621557,165292
282,CA,2014,38792291,153763,1700,48681,91804,947193,202669,592673,151851
283,CA,2015,38993940,166883,1861,52862,99349,1024914,197404,656517,170993
284,CA,2016,39250017,174796,1930,54789,104375,1002070,188304,637010,176756
285,CO,1995,3747000,16494,216,3604,11194,185705,35001,136184,14520
286,CO,1996,3823000,15463,180,3755,9763,180218,34436,130576,15206
287,CO,1997,3893000,14139,157,3242,9063,166902,30994,119801,16107
288,CO,1998,3971000,15008,183,3238,9704,163189,31231,115871,16087
289,CO,1999,4056133,13811,185,3056,8891,151002,26979,109228,14795
290,CO,2000,4301261,14367,134,3034,9425,156937,27133,112843,16961
291,CO,2001,4430989,15492,158,3555,9849,170887,28533,121360,20994
292,CO,2002,4501051,15882,179,3579,10058,180054,31678,125193,23183
293,CO,2003,4547633,15757,185,3738,9921,179706,32394,124496,22816
294,CO,2004,4601821,17121,201,3739,11236,180322,33010,123308,24004
295,CO,2005,4663295,18498,173,3948,12351,188449,34746,127602,26101
296,CO,2006,4753377,18794,171,3824,12641,163439,32411,110372,20656
297,CO,2007,4861515,17101,155,3461,11410,145808,28633,100519,16656
298,CO,2008,4939456,17480,165,3404,11760,139340,28054,97937,13349
299,CO,2009,5024748,17022,159,3371,11223,134196,26637,95079,12480
300,CO,2010,5047692,16339,129,3164,10816,135001,26196,97534,11271
301,CO,2011,5116302,16085,155,3299,10346,132781,25725,96054,11002
302,CO,2012,5189458,15951,152,3392,10285,139355,26163,101091,12101
303,CO,2013,5272086,16099,174,3136,9826,139974,25075,102375,12524
304,CO,2014,5355588,16487,150,3037,10211,135789,23502,99688,12599
305,CO,2015,5448819,17348,173,3315,10532,144044,23490,104532,16022
306,CO,2016,5540545,18983,204,3528,11696,151850,23903,108336,19611
307,CT,1995,3275000,13293,150,5345,7022,134188,29095,87401,17692
308,CT,1996,3274000,13490,158,5552,7025,124924,27574,81328,16022
309,CT,1997,3270000,12781,124,4999,6918,117505,24143,78821,14541
310,CT,1998,3274000,11993,135,4379,6751,111978,21801,77472,12705
311,CT,1999,3282031,11342,107,4054,6527,99894,19298,69299,11297
312,CT,2000,3405565,11058,98,3832,6450,99033,17436,68498,13099
313,CT,2001,3434602,11492,105,4183,6565,95299,17159,65762,12378
314,CT,2002,3458587,10807,84,4069,5914,93426,17111,64735,11580
315,CT,2003,3486960,11045,112,4212,6023,92981,16043,65568,11370
316,CT,2004,3498966,10113,100,4188,5070,93942,15959,66770,11213
317,CT,2005,3500701,9542,105,3933,4792,90270,15245,64416,10609
318,CT,2006,3504809,10505,137,4460,5212,90638,15583,64765,10290
319,CT,2007,3502309,10547,113,4303,5441,86528,15640,60937,9951
320,CT,2008,3501252,10737,132,4043,5882,87210,15107,63212,8891
321,CT,2009,3518288,10588,106,4001,5824,82625,15172,59992,7461
322,CT,2010,3575498,10083,133,3553,5802,78259,15145,56413,6701
323,CT,2011,3586717,9889,129,3689,5382,77205,15468,55067,6670
324,CT,2012,3591765,10183,117,3709,5424,77169,14787,55904,6478
325,CT,2013,3599341,9439,91,3551,4906,71274,12934,52099,6241
326,CT,2014,3594762,8575,89,3172,4520,69326,12017,51195,6114
327,CT,2015,3584730,7938,116,2925,4099,65610,10286,48898,6426
328,CT,2016,3576452,8123,78,2703,4579,64664,10045,47512,7107
329,DE,1995,717000,5198,25,1425,3173,31790,6491,22329,2970
330,DE,1996,725000,4845,31,1304,3056,30643,5830,21665,3148
331,DE,1997,732000,5753,22,1783,3520,36578,6421,25904,4253
332,DE,1998,744000,5672,21,1445,3707,34230,6395,24649,3186
333,DE,1999,753538,5534,24,1492,3489,30922,5245,22634,3043
334,DE,2000,783600,5363,25,1394,3520,29727,5216,21360,3151
335,DE,2001,796599,4868,23,1156,3269,27399,5144,19476,2779
336,DE,2002,805945,4836,26,1154,3298,26967,5355,18555,3057
337,DE,2003,818166,5525,21,1441,3693,27943,6066,18933,2944
338,DE,2004,830069,5105,28,1343,3377,27256,5669,19285,2302
339,DE,2005,841741,5332,37,1306,3612,26245,5811,18085,2349
340,DE,2006,853476,5983,42,1791,3733,29670,6337,20449,2884
341,DE,2007,864764,6100,39,1763,3957,29216,6420,20454,2342
342,DE,2008,873092,6187,57,1847,3912,31385,6783,22045,2557
343,DE,2009,885122,5713,41,1680,3597,29685,6943,20836,1906
344,DE,2010,899792,5608,51,1839,3392,31078,7550,21593,1935
345,DE,2011,908137,5144,48,1558,3231,31163,7617,22001,1545
346,DE,2012,917053,5048,56,1498,3245,30707,7389,21880,1438
347,DE,2013,925240,4633,41,1233,2960,29001,6299,21347,1355
348,DE,2014,935968,4568,50,1271,2857,27915,5765,20885,1265
349,DE,2015,944076,4760,62,1240,3097,25545,4797,19555,1193
350,DE,2016,952065,4844,56,1359,3121,26334,5023,19791,1520
351,DC,1995,554000,14744,360,6864,7228,52697,10185,32319,10193
352,DC,1996,543000,13411,397,6444,6310,51188,9828,31385,9975
353,DC,1997,529000,10708,301,4501,5688,41341,6963,26809,7569
354,DC,1998,523000,8988,260,3606,4932,37222,6361,24360,6501
355,DC,1999,519000,8448,241,3344,4615,33420,5067,21701,6652
356,DC,2000,572059,8626,239,3554,4582,33000,4745,21655,6600
357,DC,2001,573822,9195,231,3780,5003,35232,4949,22313,7970
358,DC,2002,569157,9322,264,3834,4962,36477,5170,21708,9599
359,DC,2003,557620,9061,249,3941,4597,32696,4671,18119,9906
360,DC,2004,554239,7590,198,3202,3968,26896,3946,14542,8408
361,DC,2005,582049,8032,195,3700,3971,26133,3577,14836,7720
362,DC,2006,581530,8772,169,3829,4589,27064,3835,15908,7321
363,DC,2007,588292,8325,181,4265,3687,28922,3926,17390,7606
364,DC,2008,591833,8509,186,4430,3707,30211,3788,19958,6465
365,DC,2009,599657,8089,145,4404,3390,28495,3696,19267,5532
366,DC,2010,604912,8026,132,4325,3382,28802,4233,19514,5055
367,DC,2011,619020,7433,108,4094,3058,29654,3850,21347,4457
368,DC,2012,633427,7866,88,4037,3505,30757,3519,23575,3663
369,DC,2013,649111,8415,103,4082,3835,31097,3316,24547,3234
370,DC,2014,659836,8199,105,3497,4125,34147,3466,26898,3783
371,DC,2015,670377,8538,162,3746,4136,31444,2971,25208,3265
372,DC,2016,681170,8214,139,3480,4063,32716,2361,27382,2973
373,FL,1995,14166000,151711,1037,42485,101302,939288,215657,612311,111320
374,FL,1996,14400000,151350,1077,41643,101122,928273,219056,605448,103769
375,FL,1997,14654000,149996,1012,40459,100926,915613,213926,594492,107195
376,FL,1998,14916000,140016,967,36198,95447,887107,203105,579752,104250
377,FL,1999,15111244,129044,859,31969,89226,808674,181378,534105,93191
378,FL,2000,15982378,129777,903,31809,90008,780377,172898,518298,89181
379,FL,2001,16373330,130713,874,32867,90331,782517,176052,516548,89917
380,FL,2002,16691701,128721,911,32581,88476,777236,177242,511478,88516
381,FL,2003,16999181,124280,924,31523,85106,757696,170644,505489,81563
382,FL,2004,17385430,123754,946,29997,86199,727141,166332,482484,78325
383,FL,2005,17768191,125957,883,30141,88341,712998,164783,472912,75303
384,FL,2006,18089888,129602,1129,34147,87851,721101,170873,473774,76454
385,FL,2007,18251243,131878,1202,38155,86372,746249,181836,490783,73630
386,FL,2008,18328340,126256,1168,36268,82848,758889,188472,506902,63515
387,FL,2009,18537969,113541,1017,30911,76112,712010,181884,479867,50259
388,FL,2010,18838613,101969,987,26086,69523,669035,169119,458454,41462
389,FL,2011,19082262,98198,984,25622,66319,671200,170171,461408,39621
390,FL,2012,19320749,94087,1009,23889,63929,632988,153563,442095,37330
391,FL,2013,19600311,91993,972,23200,61054,607170,138915,433344,34911
392,FL,2014,19905569,91345,982,21621,61610,583774,121379,426197,36198
393,FL,2015,20244914,93625,1041,21137,63895,570270,109268,420341,40661
394,FL,2016,20612439,88700,1111,20175,59816,553812,100325,410352,43135
395,GA,1995,7201000,47317,683,14777,29318,385005,76324,264872,43809
396,GA,1996,7353000,46966,630,15100,28879,416986,81968,288803,46215
397,GA,1997,7486000,45408,563,15473,27044,388155,81320,262263,44572
398,GA,1998,7642000,43762,618,14308,26514,373717,75720,255459,42538
399,GA,1999,7788240,41585,583,12962,25721,359383,71429,247834,40120
400,GA,2000,8186453,41319,651,13250,25450,347630,68488,240440,38702
401,GA,2001,8405677,41671,598,14402,24491,347872,71799,238484,37589
402,GA,2002,8544005,39271,606,13432,23125,346559,73932,234591,38036
403,GA,2003,8676460,39435,657,14043,22501,369589,79001,247196,43392
404,GA,2004,8918129,40217,613,13656,23561,376656,82992,249426,44238
405,GA,2005,9132553,40725,564,14041,23977,378534,84463,249594,44477
406,GA,2006,9363941,44754,605,15511,26469,362712,85140,234445,43127
407,GA,2007,9544750,46917,720,17291,26708,371248,90294,238436,42518
408,GA,2008,9685744,47353,640,17808,26571,387917,100564,247709,39644
409,GA,2009,9829211,42073,566,14631,24553,360985,98606,229216,33163
410,GA,2010,9712157,39068,555,12372,24034,353449,96947,226161,30341
411,GA,2011,9812460,36762,549,12266,21881,357235,96014,231543,29678
412,GA,2012,9915646,37675,583,12502,22447,339473,86992,223875,28606
413,GA,2013,9994759,37519,563,12704,21361,339808,83459,229190,27159
414,GA,2014,10097132,38955,607,12786,22415,339146,78029,233359,27758
415,GA,2015,10199398,38891,622,12545,22467,316013,68149,220715,27149
416,GA,2016,10310371,40990,681,12205,24595,309770,63344,219625,26801
417,HI,1995,1187000,3509,56,1553,1564,81938,13832,59907,8199
418,HI,1996,1184000,3322,40,1606,1350,74639,12781,54701,7157
419,HI,1997,1187000,3299,47,1403,1478,68193,12741,48984,6468
420,HI,1998,1193000,2946,24,1225,1345,60677,11169,43914,5594
421,HI,1999,1185497,2785,44,1044,1343,54539,9421,40458,4660
422,HI,2000,1211537,2954,35,1123,1450,60033,10665,43254,6114
423,HI,2001,1227024,3117,32,1142,1534,62830,11162,44925,6743
424,HI,2002,1240663,3262,24,1210,1656,71976,12722,49344,9910
425,HI,2003,1248755,3400,22,1168,1843,65867,11409,44807,9651
426,HI,2004,1262124,3213,33,944,1903,60525,10827,41078,8620
427,HI,2005,1273278,3253,24,1001,1885,61115,9792,42188,9135
428,HI,2006,1285498,3608,21,1144,2090,54247,8724,37784,7739
429,HI,2007,1283388,3544,24,1122,2021,52866,9089,37494,6283
430,HI,2008,1288198,3510,26,1085,2036,45944,9404,31424,5116
431,HI,2009,1295178,3550,23,1030,2112,47516,9244,33415,4857
432,HI,2010,1363359,3603,25,1065,2136,45667,8706,31681,5280
433,HI,2011,1378129,3465,20,994,2098,43874,8165,31240,4469
434,HI,2012,1390090,3378,21,1125,1953,43419,7653,31901,3865
435,HI,2013,1408987,3585,32,934,2111,45266,7777,32928,4561
436,HI,2014,1420257,3362,20,952,1842,46022,7470,33003,5549
437,HI,2015,1431603,4201,19,1203,2418,54346,6557,42010,5779
438,HI,2016,1428557,4417,35,994,2769,42753,6017,31082,5654
439,ID,1995,1163000,3745,48,279,3088,47444,9069,35560,2815
440,ID,1996,1189000,3177,43,241,2580,44532,8431,33872,2229
441,ID,1997,1210000,3107,39,237,2481,44388,9175,32784,2429
442,ID,1998,1229000,3468,36,264,2782,42185,8518,31385,2282
443,ID,1999,1251700,3066,25,223,2401,36363,7641,26824,1898
444,ID,2000,1293953,3267,16,223,2644,37961,7330,28545,2086
445,ID,2001,1320585,3211,30,245,2511,38181,7507,28285,2389
446,ID,2002,1343124,3419,36,240,2646,39128,7441,29060,2627
447,ID,2003,1367034,3362,26,245,2556,40042,7837,29559,2646
448,ID,2004,1395140,3452,31,241,2586,38799,7671,28389,2739
449,ID,2005,1429367,3670,35,266,2792,38556,8066,27606,2884
450,ID,2006,1466465,3666,35,294,2726,35135,7545,25154,2436
451,ID,2007,1499402,3841,49,243,2942,34124,7131,24727,2266
452,ID,2008,1523816,3680,23,239,2839,31940,6748,23532,1660
453,ID,2009,1545801,3805,24,254,2952,31220,6682,23066,1472
454,ID,2010,1571102,3464,22,213,2696,31436,6513,23594,1329
455,ID,2011,1583744,3202,35,188,2535,32875,6915,24629,1331
456,ID,2012,1595590,3348,30,243,2580,31825,7240,23203,1382
457,ID,2013,1612843,3471,29,220,2548,30230,6693,21999,1538
458,ID,2014,1634806,3439,32,203,2559,30440,6466,22297,1677
459,ID,2015,1652828,3593,32,191,2667,28912,6124,20916,1872
460,ID,2016,1683140,3876,49,213,2895,29357,6318,20962,2077
461,IL,1995,11830000,117836,1221,39139,73163,527572,108555,357143,61874
462,IL,1996,11847000,105482,1179,33106,66649,524777,108185,358515,58077
463,IL,1997,11896000,102476,1096,33123,63842,509113,103550,350140,55423
464,IL,1998,12045000,97291,1008,29927,62261,487915,97792,337191,52932
465,IL,1999,12128370,83621,939,26365,52020,463939,86317,320954,56668
466,IL,2000,12419293,81196,898,25641,50731,445278,81850,313161,50267
467,IL,2001,12520227,79270,982,24931,49347,434648,79158,306757,48733
468,IL,2002,12586447,75759,961,25314,45114,430479,81440,304227,44812
469,IL,2003,12649087,70376,895,23786,41506,415885,78345,295907,41633
470,IL,2004,12712016,69365,780,22582,41783,403486,76088,287025,40373
471,IL,2005,12765427,70496,770,23255,42158,394670,77635,277662,39373
472,IL,2006,12831970,69498,780,23782,40858,387478,77259,272578,37641
473,IL,2007,12852548,68528,752,23100,40573,377322,75524,267911,33887
474,IL,2008,12901563,67780,790,24054,38818,378355,78968,266815,32572
475,IL,2009,12910409,64185,773,22923,36588,353347,77850,248821,26676
476,IL,2010,12841980,57132,704,20386,32976,349064,77472,242681,28911
477,IL,2011,12859752,54523,781,20217,30495,344468,77719,237362,29387
478,IL,2012,12868192,53556,770,19480,29725,332706,71100,235314,26292
479,IL,2013,12890552,51956,722,17733,28161,296048,59093,216059,20896
480,IL,2014,12882189,47775,690,15271,27485,269647,50759,201003,17885
481,IL,2015,12839047,49755,754,15056,29019,256962,46846,192424,17692
482,IL,2016,12801539,55854,1054,17827,32065,262306,47989,194407,19910
483,IN,1995,5803000,30451,466,7844,20211,238317,47676,163618,27023
484,IN,1996,5841000,31366,420,7249,21705,231376,45782,160777,24817
485,IN,1997,5864000,30179,430,7763,20058,231723,48182,158442,25099
486,IN,1998,5899000,25423,454,6561,16456,220529,46552,152790,21187
487,IN,1999,5942901,22261,391,6496,13767,201547,42463,138794,20290
488,IN,2000,6080485,21230,352,6282,12837,206905,41108,144707,21090
489,IN,2001,6126743,22734,413,7171,13434,211548,42758,147291,21499
490,IN,2002,6156913,22001,362,6612,13184,208965,42605,146073,20287
491,IN,2003,6199571,21842,338,6401,13383,208039,41582,145686,20771
492,IN,2004,6226537,20294,316,6373,11802,211929,42168,148670,21091
493,IN,2005,6266019,20302,356,6809,11281,216778,43756,151278,21744
494,IN,2006,6313520,20303,361,7175,10956,217783,45538,150655,21590
495,IN,2007,6345289,21310,350,7845,11377,213887,46485,147999,19403
496,IN,2008,6376792,21525,322,7580,11912,213639,48805,147334,17500
497,IN,2009,6423113,21455,312,7347,12175,199907,48880,137190,13837
498,IN,2010,6490622,20983,268,6559,12396,199274,48570,137204,13500
499,IN,2011,6516353,21619,306,6977,12578,206016,50571,140630,14815
500,IN,2012,6537782,22544,307,6601,13975,197994,47689,136668,13637
501,IN,2013,6570713,23627,357,7114,13915,187472,42754,130534,14184
502,IN,2014,6597880,24105,333,6894,14681,174909,36909,124144,13856
503,IN,2015,6612768,25373,370,7081,15536,171878,34404,123940,13534
504,IN,2016,6633053,26845,439,7330,16575,171759,34097,122931,14731
505,IA,1995,2842000,10071,51,1507,7894,106504,21527,78645,6332
506,IA,1996,2852000,7771,53,1286,5871,96296,18954,71893,5449
507,IA,1997,2852000,8841,52,1593,6617,99986,22003,71301,6682
508,IA,1998,2862000,8916,54,1456,6678,91272,19282,66016,5974
509,IA,1999,2869413,8034,43,1051,6160,84463,17012,62316,5135
510,IA,2000,2926324,7796,46,1071,6003,86834,16342,65118,5374
511,IA,2001,2931967,7865,50,1154,6012,88634,16885,66244,5505
512,IA,2002,2935840,8388,44,1169,6378,92877,18643,68411,5823
513,IA,2003,2941976,8175,50,1131,6198,87554,17515,64400,5639
514,IA,2004,2952904,8499,44,1160,6513,85775,17928,62214,5633
515,IA,2005,2965524,8697,40,1153,6657,84370,18147,60723,5500
516,IA,2006,2982085,8521,55,1309,6286,84202,18160,60998,5044
517,IA,2007,2988046,8970,39,1328,6633,79133,17176,57018,4939
518,IA,2008,3002555,8651,77,1249,6388,73273,16598,52299,4376
519,IA,2009,3007856,8485,38,1201,6356,70080,16419,49757,3904
520,IA,2010,3050202,8191,38,1012,6258,68740,16746,48194,3800
521,IA,2011,3064097,7883,44,824,6149,72043,17573,50472,3998
522,IA,2012,3075039,8167,49,962,6255,70357,17201,49116,4040
523,IA,2013,3092341,8443,41,937,6332,67976,15918,47803,4255
524,IA,2014,3109481,8484,60,1047,6227,65100,14363,46594,4143
525,IA,2015,3121997,8619,73,1050,6291,64688,14977,45328,4383
526,IA,2016,3134693,9110,71,1148,6644,65391,15030,45378,4983
527,KS,1995,2565000,10792,159,2775,6920,114558,27404,78855,8299
528,KS,1996,2572000,10642,170,2476,6900,109772,25239,78145,6388
529,KS,1997,2595000,11151,150,2535,7287,122553,24292,91823,6438
530,KS,1998,2629000,10972,173,2287,7384,117114,24984,85329,6801
531,KS,1999,2654052,10159,160,2047,6887,107644,21874,79722,6048
532,KS,2000,2688418,10470,169,2048,7231,108057,21484,80077,6496
533,KS,2001,2702125,10909,92,2423,7449,105537,20514,77038,7985
534,KS,2002,2711769,10229,78,2165,6951,100768,19679,73877,7212
535,KS,2003,2724786,10831,125,2247,7374,109276,21973,79471,7832
536,KS,2004,2733697,10330,122,1812,7254,109771,20146,81115,8510
537,KS,2005,2748172,10701,101,1795,7707,104588,19028,76222,9338
538,KS,2006,2764075,11960,125,1878,8678,104260,20086,75450,8724
539,KS,2007,2775997,12730,106,2022,9315,102961,20461,73900,8600
540,KS,2008,2802134,11554,113,1681,8534,94882,19651,67826,7405
541,KS,2009,2818747,11460,125,1786,8370,90930,19473,65499,5958
542,KS,2010,2859143,10602,97,1538,7821,89109,19315,63774,6020
543,KS,2011,2870386,10209,111,1448,7528,88655,18712,63259,6684
544,KS,2012,2885398,10292,85,1493,7609,91066,18874,65413,6779
545,KS,2013,2895801,9928,117,1339,7177,85704,17476,61557,6671
546,KS,2014,2902507,10235,92,1361,7299,80029,15921,57169,6939
547,KS,2015,2906721,11483,126,1823,7850,80059,15619,57435,7005
548,KS,2016,2907289,11060,111,1671,7966,78367,14364,57066,6937
549,KY,1995,3860000,14079,276,4001,8571,115298,28389,76906,10003
550,KY,1996,3884000,12448,228,3643,7347,110531,26736,73653,10142
551,KY,1997,3908000,12386,228,3546,7308,109819,26638,73487,9694
552,KY,1998,3936000,12909,237,3468,8097,109721,27998,71971,9752
553,KY,1999,3960825,12212,203,3104,7757,104768,25180,70719,8869
554,KY,2000,4041769,11903,193,3256,7363,107723,25308,73141,9274
555,KY,2001,4068816,10510,181,3269,6009,107356,26964,71448,8944
556,KY,2002,4089822,11101,191,3131,6692,108590,26891,72378,9321
557,KY,2003,4118189,10232,181,3224,5703,103370,26034,69083,8253
558,KY,2004,4141835,10152,236,3268,5410,105209,25902,70535,8772
559,KY,2005,4172608,11134,190,3690,5833,105608,26458,70354,8796
560,KY,2006,4206074,11361,173,3850,6026,109428,27867,72197,9364
561,KY,2007,4241474,12329,206,4068,6690,107987,27820,71489,8678
562,KY,2008,4269245,12690,201,4080,6952,114492,29556,77279,7657
563,KY,2009,4314113,11000,184,3642,5643,108914,29880,72938,6096
564,KY,2010,4347223,10604,188,3748,5230,111170,30443,74488,6239
565,KY,2011,4366814,10465,151,3705,5110,119037,32750,79586,6701
566,KY,2012,4379730,9852,201,3547,4792,112800,29877,76199,6724
567,KY,2013,4399583,9280,172,3247,4215,104448,26331,72048,6069
568,KY,2014,4412617,9495,164,3343,4432,99909,23426,70108,6375
569,KY,2015,4424611,9887,219,3314,4710,97545,22526,67143,7876
570,KY,2016,4436974,10308,260,3369,5038,97158,20834,66438,9886
571,LA,1995,4342000,43741,740,11662,29484,246132,53481,166667,25984
572,LA,1996,4351000,40426,762,12036,25823,257130,56379,173271,27480
573,LA,1997,4352000,37248,682,10407,24360,243423,53935,163114,26374
574,LA,1998,4369000,34057,560,8651,23237,232378,51210,157507,23661
575,LA,1999,4372035,32033,468,7591,22526,219219,47775,149749,21695
576,LA,2000,4468976,30440,560,7532,20851,211904,46289,144345,21270
577,LA,2001,4470368,30678,501,7864,20910,207693,46451,139555,21687
578,LA,2002,4476192,29690,593,7123,20445,198838,45350,133302,20186
579,LA,2003,4493665,28622,584,7008,19429,193698,44572,129471,19655
580,LA,2004,4506685,28844,574,6564,20090,199153,45359,134080,19714
581,LA,2005,4507331,26889,450,5337,19681,166611,39382,112840,14389
582,LA,2006,4287768,30923,555,5928,22853,174975,46703,112605,15667
583,LA,2007,4293204,31789,625,6316,23421,180516,46932,118291,15293
584,LA,2008,4410796,29613,544,6241,21578,171179,45524,112091,13564
585,LA,2009,4492076,28878,529,6150,20848,172619,46928,114102,11589
586,LA,2010,4545343,25241,500,5297,18214,165667,45437,110260,9970
587,LA,2011,4574766,25373,506,5235,18370,168529,46242,113174,9113
588,LA,2012,4602134,22839,489,5458,15737,162673,42037,112764,7872
589,LA,2013,4629284,24127,494,5539,16331,165679,41214,115300,9165
590,LA,2014,4648990,23983,476,5725,16400,161192,38541,113251,9400
591,LA,2015,4668960,25202,492,5561,17416,157708,35457,112520,9731
592,LA,2016,4681666,26502,554,5576,18556,154386,34667,109380,10339
593,ME,1995,1241000,1631,25,334,1007,39132,9015,28444,1673
594,ME,1996,1243000,1553,25,292,976,40636,9303,29557,1776
595,ME,1997,1242000,1500,25,257,964,37396,8241,27513,1642
596,ME,1998,1244000,1566,26,263,1052,36261,8295,26457,1509
597,ME,1999,1253040,1404,25,243,897,34618,7532,25392,1694
598,ME,2000,1274923,1397,15,247,815,32003,6775,23906,1322
599,ME,2001,1284470,1435,19,264,826,33154,6898,24585,1671
600,ME,2002,1294894,1396,14,270,735,32985,6965,24591,1429
601,ME,2003,1309205,1422,16,289,763,32078,6579,24043,1456
602,ME,2004,1314985,1364,18,289,742,31740,6341,24096,1303
603,ME,2005,1318220,1483,19,323,815,31889,6323,24218,1348
604,ME,2006,1321574,1533,23,383,786,33658,6846,25465,1347
605,ME,2007,1317207,1565,20,349,804,32249,6745,24228,1276
606,ME,2008,1316456,1572,31,333,829,32433,6559,24695,1179
607,ME,2009,1318301,1580,26,399,780,31706,6729,23955,1022
608,ME,2010,1327379,1621,24,412,796,32900,7364,24547,989
609,ME,2011,1328544,1638,26,370,848,33829,7865,24886,1078
610,ME,2012,1328501,1626,26,420,808,33398,7476,24931,991
611,ME,2013,1328702,1761,24,335,907,30454,6480,23063,911
612,ME,2014,1330256,1698,21,304,889,26427,5035,20591,801
613,ME,2015,1329453,1726,23,311,931,24361,4694,18853,814
614,ME,2016,1331479,1648,20,266,950,21912,4003,17134,775
615,MD,1995,5042000,49757,596,21334,25697,267625,53320,178126,36179
616,MD,1996,5072000,47230,588,19944,24793,260231,50331,173817,36083
617,MD,1997,5094000,43127,502,17157,23654,244842,47918,166256,30668
618,MD,1998,5135000,40903,513,15339,23337,234624,47393,159019,28212
619,MD,1999,5171634,38447,465,13636,22795,215973,43230,147296,25447
620,MD,2000,5296486,41663,430,13560,26130,213422,39426,145423,28573
621,MD,2001,5386079,42088,446,13525,26668,219512,41553,145934,32025
622,MD,2002,5450525,42015,513,13417,26715,217105,39765,143320,34020
623,MD,2003,5512310,38778,525,13302,23593,209418,38641,134372,36405
624,MD,2004,5561332,38961,521,12772,24351,202474,36704,129888,35882
625,MD,2005,5589599,39369,552,14378,23173,198483,35922,128491,34070
626,MD,2006,5615727,38111,546,14376,22011,195484,37459,127502,30523
627,MD,2007,5618344,36063,554,13258,21072,192796,37095,127308,28393
628,MD,2008,5633597,35393,493,13203,20570,198165,38849,133983,25333
629,MD,2009,5699478,33625,440,12007,20022,182295,36905,125771,19619
630,MD,2010,5785681,31607,426,11054,18899,173309,36704,118578,18027
631,MD,2011,5839572,28817,399,10342,16876,166846,35823,114951,16072
632,MD,2012,5884868,28086,373,10173,16303,162309,33803,113550,14956
633,MD,2013,5938737,28235,384,10048,16124,157918,31950,112551,13417
634,MD,2014,5975346,26767,362,9565,15208,150390,28134,109140,13116
635,MD,2015,5994983,28185,538,10111,15819,142547,26432,102701,13414
636,MD,2016,6016447,28400,481,10289,15874,137445,24692,100919,11834
637,MA,1995,6074000,41739,217,9137,30626,221971,49669,135586,36716
638,MA,1996,6092000,39122,157,7778,29420,194636,42896,119562,32178
639,MA,1997,6118000,39411,119,6676,30969,185437,40491,115494,29452
640,MA,1998,6147000,38192,124,5938,30443,173011,37333,109275,26403
641,MA,1999,6175169,34023,122,5931,26307,167437,32964,108845,25628
642,MA,2000,6349097,30230,125,5815,22594,161901,30600,105425,25876
643,MA,2001,6401164,30585,143,6476,22110,167079,32430,106821,27828
644,MA,2002,6421800,31137,173,7169,22018,167753,33243,107922,26588
645,MA,2003,6420357,30377,140,8011,20378,164543,34963,104069,25511
646,MA,2004,6407382,29489,171,7484,20040,158150,34497,101605,22048
647,MA,2005,6433367,29644,178,7837,19878,151727,34728,98079,18920
648,MA,2006,6437193,32217,188,8080,22178,153943,35243,100725,17975
649,MA,2007,6449755,28487,187,7021,19636,154743,35767,103925,15051
650,MA,2008,6497967,30137,166,7077,21143,155919,36251,106913,12755
651,MA,2009,6593587,30503,173,7467,21129,153178,34515,106799,11864
652,MA,2010,6555466,30737,214,6897,21842,154496,37903,105124,11469
653,MA,2011,6607003,28232,184,6768,19626,148829,36403,101644,10782
654,MA,2012,6645303,27047,121,6555,18721,143325,34635,99453,9237
655,MA,2013,6708874,27264,138,6705,18118,137274,30716,97437,9121
656,MA,2014,6755124,26689,133,6077,18277,125481,24951,92226,8304
657,MA,2015,6784240,26453,131,5266,18974,114547,21826,84676,8045
658,MA,2016,6811779,25677,134,5365,18050,106339,19193,79088,8058
659,MI,1995,9549000,65680,808,17885,41070,429223,86872,280712,61639
660,MI,1996,9594000,60951,722,16907,37856,430020,85908,276909,67203
661,MI,1997,9774000,57663,759,14934,36900,422916,80726,276863,65327
662,MI,1998,9817000,60947,721,15293,39987,398773,82249,258186,58338
663,MI,1999,9863775,56709,695,14103,37062,369887,76736,236351,56800
664,MI,2000,9938444,55159,669,13712,35753,353297,69790,227783,55724
665,MI,2001,10006266,55424,672,12937,36551,352353,72038,226708,53607
666,MI,2002,10043221,54306,678,11847,36417,335060,70970,214367,49723
667,MI,2003,10082364,51550,612,11254,34214,330565,68316,208538,53711
668,MI,2004,10104206,49737,643,11336,32276,309805,64233,194988,50584
669,MI,2005,10100833,55936,629,13348,36760,312892,70527,194090,48275
670,MI,2006,10095643,56981,721,14229,36684,325594,76313,199183,50098
671,MI,2007,10071822,53765,661,13365,35147,308550,75273,191289,41988
672,MI,2008,10003422,51512,554,13246,33205,295100,74787,184558,35755
673,MI,2009,9969727,49825,623,12427,32251,284019,76046,178628,29345
674,MI,2010,9877143,48693,580,11522,31858,271501,74345,169748,27408
675,MI,2011,9876801,43731,617,10263,28507,251329,69755,156666,24908
676,MI,2012,9882519,44962,701,10423,29203,249249,65560,158609,25080
677,MI,2013,9898193,44757,625,10093,27254,230135,56256,149794,24085
678,MI,2014,9916306,42555,544,8037,27610,202692,44328,137142,21222
679,MI,2015,9917715,41712,585,7818,26599,191191,40375,132019,18797
680,MI,2016,9928300,45572,598,7120,30729,189620,39568,129876,20176
681,MN,1995,4610000,16416,182,5702,7939,190911,36756,138414,15741
682,MN,1996,4658000,15782,167,5385,7903,192109,35515,138671,17923
683,MN,1997,4686000,15827,129,5373,7879,191006,35265,137872,17869
684,MN,1998,4725000,14656,121,4371,7806,176541,32486,128689,15366
685,MN,1999,4775508,13085,134,3917,6996,158717,27706,117736,13275
686,MN,2000,4919479,13813,151,3713,7709,157798,26116,118250,13432
687,MN,2001,4984535,13145,119,3758,7032,165046,25496,124519,15031
688,MN,2002,5024791,13428,112,3937,7106,164026,28034,122150,13842
689,MN,2003,5064172,13316,127,3906,7191,157663,27698,116216,13749
690,MN,2004,5096546,13751,113,4070,7445,155019,28048,113453,13518
691,MN,2005,5126739,15243,115,4724,8146,158301,29716,114304,14281
692,MN,2006,5167101,16042,126,5441,8830,159276,30306,115693,13277
693,MN,2007,5197621,15054,116,4770,8295,158257,29717,115892,12648
694,MN,2008,5220393,13853,110,4179,7759,149517,26558,112764,10195
695,MN,2009,5266214,12874,74,3619,7392,139286,25580,105160,8546
696,MN,2010,5310658,12515,96,3388,7233,136431,24415,103429,8587
697,MN,2011,5347299,12323,75,3385,6750,136183,25681,102354,8148
698,MN,2012,5379646,12419,99,3475,7207,138152,25378,104316,8458
699,MN,2013,5422060,12710,114,3674,6908,131193,22713,100514,7966
700,MN,2014,5457125,12505,88,3687,6729,125377,20773,96237,8367
701,MN,2015,5482435,13319,133,3771,7094,121984,19299,94704,7981
702,MN,2016,5519952,13394,101,3728,7217,117756,18606,90422,8728
703,MS,1995,2697000,13560,348,3530,8628,108195,30505,67967,9723
704,MS,1996,2716000,13261,301,3646,8333,109581,30755,69299,9527
705,MS,1997,2731000,12808,358,3741,7644,113644,32429,71887,9328
706,MS,1998,2752000,11302,315,3394,6567,109345,31498,68525,9322
707,MS,1999,2768619,9671,213,3091,5211,108560,29109,65919,13532
708,MS,2000,2844658,10267,255,2703,6290,103644,26918,69758,6968
709,MS,2001,2859733,10006,282,3294,5283,109609,29821,70315,9473
710,MS,2002,2866733,9858,264,3356,5111,109584,29593,70468,9523
711,MS,2003,2882594,9336,267,3016,4974,106867,29564,68307,8996
712,MS,2004,2900768,8568,227,2503,4677,100980,27661,65440,7879
713,MS,2005,2908496,8131,214,2405,4365,95231,26866,60873,7492
714,MS,2006,2910540,9076,231,3259,4547,92853,27117,57406,8330
715,MS,2007,2918785,8502,202,2896,4371,90887,27223,56473,7191
716,MS,2008,2938618,8942,236,3079,4669,85488,25506,53730,6252
717,MS,2009,2951996,8451,194,2969,4297,87327,29559,52329,5439
718,MS,2010,2970072,7999,204,2777,4087,88596,30453,52784,5359
719,MS,2011,2977457,8009,232,2496,4418,89809,30722,54179,4908
720,MS,2012,2986450,7769,213,2277,4460,83933,28084,51520,4329
721,MS,2013,2992206,8303,217,2413,4649,81548,24969,52192,4387
722,MS,2014,2993443,8331,259,2405,4585,86887,23898,58515,4474
723,MS,2015,2989390,8190,253,2312,4467,85785,25068,56446,4271
724,MS,2016,2988726,8383,238,2397,4471,82732,23354,55054,4324
725,MO,1995,5324000,35339,469,10863,22296,237278,49649,162430,25199
726,MO,1996,5359000,31669,433,9142,20528,240781,47919,168870,23992
727,MO,1997,5402000,31192,426,8430,20811,228889,46900,155472,26517
728,MO,1998,5439000,30222,399,8116,20244,232284,47455,160363,24466
729,MO,1999,5468338,27353,359,7149,18406,223010,42476,157550,22984
730,MO,2000,5595211,27419,347,7598,18123,225919,41685,159539,24695
731,MO,2001,5637309,30472,372,7771,20946,238411,42977,167420,28014
732,MO,2002,5669544,30557,331,7024,21737,230520,42721,159921,27878
733,MO,2003,5719204,28067,289,6686,19692,233564,41997,161616,29951
734,MO,2004,5759532,28226,354,6630,19763,224629,40472,158264,25893
735,MO,2005,5797703,30477,402,7196,21254,227809,42822,159288,25699
736,MO,2006,5842713,31897,369,7597,22167,224007,44734,153874,25399
737,MO,2007,5878415,32962,367,7728,23082,225113,44897,156319,23897
738,MO,2008,5911605,29701,456,7395,20238,216522,45763,150002,20757
739,MO,2009,5987580,29513,387,7437,20083,201783,43591,140764,17428
740,MO,2010,5995715,27440,420,6185,19390,200858,44197,140526,16135
741,MO,2011,6008984,26888,366,6275,18778,199085,44875,138879,15331
742,MO,2012,6024522,27189,390,5782,19490,199813,42510,140971,16332
743,MO,2013,6044917,26216,369,5486,18056,189655,38797,134514,16344
744,MO,2014,6063827,26882,404,5592,18483,176436,35293,124769,16374
745,MO,2015,6076204,30292,503,6383,20833,173788,34029,122749,17010
746,MO,2016,6093000,31644,537,6570,21983,170549,31710,120544,18295
747,MT,1995,870000,1491,35,253,972,40246,5060,32797,2389
748,MT,1996,879000,1415,34,261,882,38084,4908,30928,2248
749,MT,1997,879000,1161,42,179,769,37592,5002,30411,2179
750,MT,1998,880000,1797,18,232,1312,36564,4575,29940,2049
751,MT,1999,882779,2090,22,239,1536,29103,3876,23353,1874
752,MT,2000,902195,2807,20,203,2276,32198,3624,26678,1896
753,MT,2001,905382,3187,34,230,2735,30175,3670,24684,1821
754,MT,2002,910372,3197,16,283,2661,28751,3289,23679,1783
755,MT,2003,918157,3351,30,298,2777,28428,3722,22800,1906
756,MT,2004,926920,2723,30,233,2187,27215,3515,22082,1618
757,MT,2005,934737,2634,18,177,2138,29407,3642,23794,1971
758,MT,2006,944632,3564,33,233,2950,26986,3380,21659,1947
759,MT,2007,957861,3638,27,233,3015,27837,3476,22315,2046
760,MT,2008,967440,3013,40,204,2411,26300,3689,20834,1777
761,MT,2009,974989,2798,32,228,2181,24826,3686,19528,1612
762,MT,2010,990958,2733,25,154,2222,25409,3692,20166,1551
763,MT,2011,997667,2755,29,171,2189,23885,3347,19089,1449
764,MT,2012,1005494,2803,29,202,2180,26102,3920,20484,1698
765,MT,2013,1014864,2924,23,217,2217,26195,4122,20192,1881
766,MT,2014,1023252,3361,38,202,2563,25525,3639,19826,2060
767,MT,2015,1032073,3647,38,210,2827,27276,3887,20966,2423
768,MT,2016,1042520,3840,36,266,2960,27976,3934,21299,2743
769,NE,1995,1637000,6253,48,1067,4821,68140,10344,52044,5752
770,NE,1996,1652000,7182,48,1052,5635,66110,10152,50315,5643
771,NE,1997,1657000,7265,50,1097,5712,63717,9813,48363,5541
772,NE,1998,1663000,7507,51,1290,5749,65752,10544,49420,5788
773,NE,1999,1666028,7167,60,1264,5429,61277,10158,45679,5440
774,NE,2000,1711263,5606,63,1147,3960,64479,10131,49118,5230
775,NE,2001,1720039,5214,43,1128,3612,68963,9760,52713,6490
776,NE,2002,1727564,5428,48,1359,3557,68178,10329,51440,6409
777,NE,2003,1737475,5105,56,1165,3380,65189,10133,48924,6132
778,NE,2004,1747704,5393,40,1138,3595,61512,9826,46399,5287
779,NE,2005,1758163,5052,44,1040,3387,60348,9408,45359,5581
780,NE,2006,1768331,5197,51,1136,3433,59411,9535,44710,5166
781,NE,2007,1774571,5524,71,1115,3788,55765,9035,41484,5246
782,NE,2008,1783432,5570,69,1297,3603,51350,8731,38394,4225
783,NE,2009,1796619,5199,41,1220,3321,49731,8726,37496,3509
784,NE,2010,1830141,5093,54,1020,3345,48827,8318,36896,3613
785,NE,2011,1842234,4672,68,993,2912,50894,8725,38060,4109
786,NE,2012,1855350,4802,52,1128,2912,51203,8745,38301,4157
787,NE,2013,1868969,4949,56,1035,3011,49197,8945,35791,4461
788,NE,2014,1882980,5201,53,1044,3226,47526,7936,35063,4527
789,NE,2015,1893765,5167,62,994,3226,42597,6443,32148,4006
790,NE,2016,1907116,5550,49,946,3561,43163,6444,31994,4725
791,NV,1995,1530000,14461,163,4966,8395,86203,20235,54563,11405
792,NV,1996,1603000,13005,220,4931,6998,83047,19558,52295,11194
793,NV,1997,1677000,13395,187,5071,7132,88307,21975,53112,13220
794,NV,1998,1747000,11244,170,4453,5710,81006,19873,47367,13766
795,NV,1999,1809253,10311,165,4209,4994,73874,17613,43167,13094
796,NV,2000,1998257,10474,129,4543,4942,74823,17526,44125,13172
797,NV,2001,2097722,12359,180,4932,6364,77486,17711,45073,14702
798,NV,2002,2167455,13856,181,5118,7629,83896,18951,47459,17486
799,NV,2003,2242207,13813,197,5225,7520,96128,21958,53321,20849
800,NV,2004,2332898,14379,172,4905,8348,98215,23142,52438,22635
801,NV,2005,2412301,14654,206,4702,8730,102424,23481,52012,26931
802,NV,2006,2495529,18687,226,7038,10331,102338,24902,50429,27007
803,NV,2007,2565382,19365,193,6938,11138,97118,24911,49844,22363
804,NV,2008,2600167,18973,165,6486,11216,90006,24254,49814,15938
805,NV,2009,2643085,18639,156,6028,11431,80976,22115,46463,12398
806,NV,2010,2704283,17929,158,5298,11508,75004,22286,42533,10185
807,NV,2011,2720028,15452,139,4308,10092,70075,20342,40156,9577
808,NV,2012,2754354,16763,124,4918,10790,77510,22120,45372,10018
809,NV,2013,2791494,16888,163,5183,10060,79177,23047,46132,9998
810,NV,2014,2838281,18043,170,5954,10562,74574,21924,42466,10184
811,NV,2015,2883758,20118,178,6287,11965,77137,22360,43426,11351
812,NV,2016,2940058,19936,224,6340,11639,76047,18850,44017,13180
813,NH,1995,1148000,1314,21,314,646,29170,4806,22698,1666
814,NH,1996,1162000,1373,20,317,632,31436,5063,24611,1762
815,NH,1997,1173000,1328,16,274,643,29635,4612,23430,1593
816,NH,1998,1185000,1270,18,255,597,27405,3852,22079,1474
817,NH,1999,1201134,1159,18,257,539,26247,3698,21195,1354
818,NH,2000,1235786,2167,22,453,1170,27901,4992,20761,2148
819,NH,2001,1259359,2144,17,445,1224,27089,4889,20060,2140
820,NH,2002,1274405,2056,12,413,1185,26250,4838,19468,1944
821,NH,2003,1288705,1937,17,480,1002,26456,4589,19934,1933
822,NH,2004,1299169,2202,17,500,1219,26658,4979,19723,1956
823,NH,2005,1306819,1761,19,365,971,24031,4192,18493,1346
824,NH,2006,1314895,1785,13,435,1042,26060,4395,20179,1486
825,NH,2007,1315828,1896,12,451,1076,26394,5074,19909,1411
826,NH,2008,1315809,2054,14,421,1234,28387,4266,22714,1407
827,NH,2009,1324575,2125,11,454,1261,28790,4915,22748,1127
828,NH,2010,1316807,2204,13,450,1330,29230,5444,22789,997
829,NH,2011,1317807,2864,16,509,1758,32756,6244,25398,1114
830,NH,2012,1321617,2841,15,471,1869,32074,5988,25024,1062
831,NH,2013,1322616,2952,21,645,1708,30409,5283,24188,938
832,NH,2014,1327996,2625,16,544,1469,26098,4191,21051,856
833,NH,2015,1330111,2692,15,475,1558,23453,3482,19076,895
834,NH,2016,1334795,2637,17,427,1611,20194,2963,16360,871
835,NJ,1995,7945000,47652,409,22486,22830,326056,69533,206339,50184
836,NJ,1996,7988000,42459,338,18838,21307,303657,63259,193961,46437
837,NJ,1997,8053000,39673,337,16957,20650,287038,60894,184979,41165
838,NJ,1998,8115000,35720,325,15109,18663,260810,54459,171166,35185
839,NJ,1999,8143412,33540,287,14243,17601,243333,46998,160978,35357
840,NJ,2000,8414350,32298,289,13553,17099,233637,43924,155562,34151
841,NJ,2001,8511116,33094,336,14110,17370,240551,46812,156031,37708
842,NJ,2002,8575252,32252,339,13955,16593,227715,43899,148061,35755
843,NJ,2003,8642412,31488,406,13342,16452,220350,43457,142287,34606
844,NJ,2004,8685166,30943,392,13076,16144,211313,41030,139977,30306
845,NJ,2005,8703150,30919,417,13215,16079,203391,38980,136728,27683
846,NJ,2006,8724560,30550,427,13360,15562,198820,39384,134687,24749
847,NJ,2007,8685920,28544,381,12567,14564,192338,37234,133145,21959
848,NJ,2008,8682661,28351,376,12701,14152,199127,40402,138545,20180
849,NJ,2009,8707739,27113,319,11639,14114,180752,36945,128303,15504
850,NJ,2010,8799593,27055,371,11818,13885,183042,38732,128754,15556
851,NJ,2011,8834773,27203,380,12209,13608,189719,43238,129066,17415
852,NJ,2012,8867749,25727,388,11385,12919,181481,42338,122662,16481
853,NJ,2013,8911502,25748,404,12084,12071,167634,35883,118005,13746
854,NJ,2014,8938844,23319,352,10499,11188,154945,31707,111534,11704
855,NJ,2015,8935421,22879,363,9729,11414,145701,27960,105963,11778
856,NJ,2016,8944469,21914,372,8984,11105,138152,25284,101540,11328
857,NM,1995,1685000,13804,148,2604,10098,94508,24383,61478,8647
858,NM,1996,1713000,14399,197,2782,10332,98698,23586,65139,9973
859,NM,1997,1730000,14762,134,2966,10790,104721,25126,67188,12407
860,NM,1998,1737000,16700,190,2839,12714,100011,24213,65031,10767
861,NM,1999,1739844,14520,170,2579,10827,89220,21481,59613,8126
862,NM,2000,1819046,13786,135,2499,10230,86605,21339,57925,7341
863,NM,2001,1830935,14288,99,2695,10644,83095,19552,56406,7137
864,NM,2002,1852044,13719,152,2206,10334,80477,19634,53406,7437
865,NM,2003,1878562,12535,116,1937,9542,76816,18997,50595,7224
866,NM,2004,1903006,13081,169,2062,9811,79895,19924,52069,7902
867,NM,2005,1925985,12448,144,1893,9370,79575,20939,50707,7929
868,NM,2006,1954599,12797,134,2095,9495,76000,20906,45864,9230
869,NM,2007,1969915,13311,183,2323,9777,75168,20823,45442,8903
870,NM,2008,1984356,12967,161,2151,9537,75718,20706,46995,8017
871,NM,2009,2009671,12709,198,1932,9510,74639,21955,46182,6502
872,NM,2010,2065913,12147,140,1616,9432,70776,21023,44503,5250
873,NM,2011,2078674,11904,158,1720,9170,73549,21419,46730,5400
874,NM,2012,2083540,11660,116,1847,8740,75094,21384,48247,5463
875,NM,2013,2086895,12990,123,1832,9470,78958,21828,51146,5984
876,NM,2014,2085567,12465,101,2086,8797,73877,18505,49082,6290
877,NM,2015,2080328,13672,117,2485,9407,77212,17084,51485,8643
878,NM,2016,2081015,14619,139,2737,10217,81931,17281,52907,11743
879,NY,1995,18136000,152683,1550,72492,74351,674342,146562,425184,102596
880,NY,1996,18185000,132206,1353,61822,64857,619250,129828,399522,89900
881,NY,1997,18137000,124890,1093,56094,63628,584438,118306,386435,79697
882,NY,1998,18175000,115915,924,49125,62023,536287,104821,363295,68171
883,NY,1999,18196601,107147,903,43821,58860,489596,93217,338118,58261
884,NY,2000,18976457,105111,952,40539,60090,483078,87946,340901,54231
885,NY,2001,19084350,98022,960,36555,56961,458003,80400,329316,48287
886,NY,2002,19134293,95030,909,36653,53583,442091,76700,318025,47366
887,NY,2003,19212425,89486,934,35790,48987,432079,75453,311422,45204
888,NY,2004,19280727,84914,889,33506,46911,422734,70696,311036,41002
889,NY,2005,19315721,85839,874,35179,46150,405990,68034,302220,35736
890,NY,2006,19306183,84016,922,34459,45467,398577,68617,297827,32133
891,NY,2007,19297729,79962,805,31085,45144,383624,64914,290681,28029
892,NY,2008,19490297,77546,836,31787,42125,388599,65544,297962,25093
893,NY,2009,19541453,75110,781,28141,43606,377537,62769,292897,21871
894,NY,2010,19395206,76492,868,28630,44197,379710,65839,293232,20639
895,NY,2011,19501616,77463,769,28405,45538,371837,65227,287361,19249
896,NY,2012,19576125,79535,683,28633,47382,375268,64389,293562,17317
897,NY,2013,19695680,77563,644,27241,46130,358603,56444,286676,15483
898,NY,2014,19748858,75972,616,24036,45295,339113,50738,272624,15751
899,NY,2015,19747183,75126,613,23879,44493,317225,44117,257837,15271
900,NY,2016,19745289,74285,630,22316,45079,305181,39821,250968,14392
901,NC,1995,7195000,46508,677,12896,30615,359256,101995,234911,22350
902,NC,1996,7323000,43068,619,12001,28159,361616,98539,238511,24566
903,NC,1997,7425000,45071,614,12817,29292,362672,100002,238228,24442
904,NC,1998,7546000,43723,612,12133,28667,357892,99951,233325,24616
905,NC,1999,7650789,41474,552,12087,26680,354497,98457,230463,25577
906,NC,2000,8049313,40051,560,12595,24715,355921,97888,232767,25266
907,NC,2001,8206105,40465,505,13304,24573,363777,101889,237241,24647
908,NC,2002,8305820,39118,548,12205,24169,353708,99535,229307,24866
909,NC,2003,8421190,38243,506,12229,23369,359660,100687,232081,26892
910,NC,2004,8540468,38244,532,11782,23591,355328,101193,227147,26988
911,NC,2005,8672459,40650,585,12635,25128,353855,104298,221091,28466
912,NC,2006,8856505,42088,539,13468,25586,364549,107333,227114,30102
913,NC,2007,9061032,42231,584,13534,25727,369893,108700,233241,27952
914,NC,2008,9222414,43125,599,14323,25907,372763,111556,234480,26727
915,NC,2009,9380884,37946,489,11825,23326,343707,107830,215923,19954
916,NC,2010,9560234,34679,474,9620,22583,329202,102826,208057,18319
917,NC,2011,9651103,33421,498,9448,21516,337806,105534,215453,16819
918,NC,2012,9748364,34464,479,9392,22609,328594,99323,213151,16120
919,NC,2013,9848917,33587,463,9275,21325,305631,90182,201043,14406
920,NC,2014,9940387,32718,498,8411,21377,285498,79266,192609,13623
921,NC,2015,10035186,34734,517,8821,22805,275915,74760,187732,13423
922,NC,2016,10146788,37769,678,9336,24906,277765,72082,190377,15306
923,ND,1995,641000,556,6,64,340,17817,2248,14421,1148
924,ND,1996,644000,541,14,71,301,16648,1991,13433,1224
925,ND,1997,641000,559,6,41,353,16821,2300,13367,1154
926,ND,1998,638000,570,7,65,286,16535,2274,13134,1127
927,ND,1999,633666,424,10,56,216,14748,2337,11375,1036
928,ND,2000,642200,523,4,56,294,14171,2093,11092,986
929,ND,2001,636550,505,7,60,274,14834,2165,11583,1086
930,ND,2002,633911,496,5,58,270,14762,2243,11501,1018
931,ND,2003,633400,508,9,53,286,13364,1959,10327,1078
932,ND,2004,636308,558,8,43,330,12493,2040,9516,937
933,ND,2005,634605,706,12,54,460,12848,2043,9732,1073
934,ND,2006,635867,1255,14,75,925,13359,2601,9672,1086
935,ND,2007,639715,1343,17,75,999,12796,2314,9500,982
936,ND,2008,641481,1441,11,73,1026,13029,2336,9782,911
937,ND,2009,646844,1723,12,107,1308,12813,2426,9474,913
938,ND,2010,674629,1548,10,90,1203,12010,2000,9137,873
939,ND,2011,684740,1699,24,91,1318,13334,2458,9891,985
940,ND,2012,701345,1723,25,127,1292,14297,2429,10687,1181
941,ND,2013,723857,1979,16,161,1447,15356,2979,10942,1435
942,ND,2014,740040,2001,23,175,1421,15857,2751,11559,1547
943,ND,2015,756835,1949,21,159,1378,17716,3296,12686,1734
944,ND,2016,757952,1903,15,181,1365,17402,3243,12195,1964
945,OH,1995,11151000,53799,600,19931,28433,437424,93539,297624,46261
946,OH,1996,11173000,47896,538,18336,24405,449935,93336,311071,45528
947,OH,1997,11186000,48706,523,17755,25862,455799,94972,315908,45419
948,OH,1998,11209000,40628,443,14960,20682,444438,90805,310612,43021
949,OH,1999,11256654,35616,397,14405,16685,414264,87023,288049,39192
950,OH,2000,11353140,37935,418,15610,17636,420939,88636,293277,39026
951,OH,2001,11389785,40023,452,17199,17906,435115,96910,295976,42229
952,OH,2002,11408699,40128,526,17871,16922,428976,99164,287045,42767
953,OH,2003,11437680,38185,526,16895,16104,417483,95083,281383,41017
954,OH,2004,11450143,38787,506,17429,16108,419337,96518,282168,40651
955,OH,2005,11470685,40162,590,18673,16228,420705,100183,279051,41471
956,OH,2006,11478006,41491,560,19418,16743,423334,105639,279718,37977
957,OH,2007,11466917,40759,529,18351,17218,397681,99049,264677,33955
958,OH,2008,11485910,40436,547,18706,16652,391667,102428,260788,28451
959,OH,2009,11542645,38305,527,17670,15989,376446,104009,249777,22660
960,OH,2010,11537968,36306,479,16486,15611,376836,107125,248581,21130
961,OH,2011,11541007,35218,500,15991,15048,380572,112901,246744,20927
962,OH,2012,11553031,34827,478,15396,15140,370435,105312,245372,19751
963,OH,2013,11572005,33722,478,14483,14370,338414,91090,227799,19525
964,OH,2014,11596998,33130,464,12780,14658,322517,79466,224942,18109
965,OH,2015,11605090,34373,522,12617,15793,303743,69994,216354,17395
966,OH,2016,11614373,34877,654,12523,16111,299357,66883,212807,19667
967,OK,1995,3278000,21770,400,3788,16121,161693,41694,103727,16272
968,OK,1996,3301000,19710,223,3519,14423,166892,41447,109506,15939
969,OK,1997,3317000,18560,229,3446,13368,163698,40015,109039,14644
970,OK,1998,3347000,18053,204,3078,13258,149426,38268,97593,13565
971,OK,1999,3358044,17066,231,2785,12675,140220,34472,93616,12132
972,OK,2000,3450654,17177,182,2615,12958,140125,31661,96116,12348
973,OK,2001,3469577,17726,185,2746,13309,141679,34573,94537,12569
974,OK,2002,3489700,17587,163,2966,12885,148128,35171,100185,12772
975,OK,2003,3506469,17758,206,3224,12827,151208,34846,103404,12958
976,OK,2004,3523546,17635,186,3090,12802,149472,35244,101271,12957
977,OK,2005,3543442,18044,187,3230,13146,143406,35692,93814,13900
978,OK,2006,3579212,17905,210,3145,13062,129728,34437,81853,13438
979,OK,2007,3617316,18234,224,3392,13053,128714,34367,80747,13600
980,OK,2008,3642361,19359,215,3698,13975,126535,35247,80265,11023
981,OK,2009,3687050,18560,234,3358,13433,132350,38071,83813,10466
982,OK,2010,3760184,18100,195,3345,13091,129464,37848,81303,10313
983,OK,2011,3784163,17311,212,3288,12401,127618,36462,80064,11092
984,OK,2012,3815780,18102,220,3248,13012,130969,36094,83131,11744
985,OK,2013,3853118,17187,198,3023,11652,126418,33512,81624,11282
986,OK,2014,3879610,16052,180,3073,10937,117445,29963,76719,10763
987,OK,2015,3907414,16746,240,3018,11535,114055,28783,74678,10594
988,OK,2016,3923561,17648,245,3162,12202,117037,29103,75779,12155
989,OR,1995,3141000,16408,129,4332,10638,189765,34640,133075,22050
990,OR,1996,3204000,14837,129,3914,9522,177295,31664,128618,17013
991,OR,1997,3243000,14412,95,3811,9200,188916,33507,136129,19280
992,OR,1998,3282000,13778,126,3452,8893,171545,30442,123841,17262
993,OR,1999,3316154,12432,88,2858,8267,153434,26749,113052,13633
994,OR,2000,3421399,12000,70,2888,7756,153780,25618,114230,13932
995,OR,2001,3473441,10650,84,2749,6643,164524,26648,123034,14842
996,OR,2002,3520355,10298,72,2742,6246,161145,25696,118925,16524
997,OR,2003,3564330,10506,68,2847,6373,169863,28562,122327,18974
998,OR,2004,3591363,10724,90,2751,6600,166475,30072,117868,18535
999,OR,2005,3638871,10444,80,2478,6620,160199,27621,113316,19262
1000,OR,2006,3700758,10534,88,2711,6516,137858,24324,98897,14637
1001,OR,2007,3747455,11015,76,2864,6799,132773,22979,95157,14637
1002,OR,2008,3790060,9909,87,2656,5983,125169,21115,92677,11377
1003,OR,2009,3825657,9968,88,2499,6179,114780,19739,85064,9977
1004,OR,2010,3838332,9648,96,2421,5892,116657,20035,87494,9128
1005,OR,2011,3868229,9643,84,2237,6083,121869,20704,92059,9106
1006,OR,2012,3899801,9638,91,2419,5969,126417,22051,94114,10252
1007,OR,2013,3928068,9536,82,2394,5596,125083,20808,94363,9912
1008,OR,2014,3971202,10294,84,2270,6320,123142,18690,94177,10275
1009,OR,2015,4024634,10680,110,2163,6757,119752,18541,90514,10697
1010,OR,2016,4093465,10830,113,2278,6718,121345,16866,91286,13193
1011,PA,1995,12072000,51586,755,22858,24927,354623,67815,236991,49817
1012,PA,1996,12056000,57905,686,22784,31401,370851,71357,250758,48736
1013,PA,1997,12020000,53140,705,18788,30358,359323,68218,246892,44213
1014,PA,1998,12001000,50470,633,19787,26827,342318,63777,235873,42668
1015,PA,1999,11994016,50431,592,18670,27890,323021,56037,227750,39234
1016,PA,2000,12281054,51584,602,18155,29580,316274,54080,225869,36325
1017,PA,2001,12303104,50432,651,17500,28814,313408,54345,223350,35713
1018,PA,2002,12328827,49578,624,17163,28060,300868,55610,212441,32817
1019,PA,2003,12370761,49210,647,17980,27027,300639,53918,213279,33442
1020,PA,2004,12394471,50998,650,18474,28339,299611,54443,214199,30969
1021,PA,2005,12405348,52761,756,19214,29205,300444,56134,214916,29394
1022,PA,2006,12440621,55028,741,21095,29581,304589,57739,217142,29708
1023,PA,2007,12432792,51806,725,19440,28198,293850,56091,211248,26511
1024,PA,2008,12448279,51044,705,18873,27981,300294,58687,219115,22492
1025,PA,2009,12604767,48188,664,17504,26394,277182,54772,204588,17822
1026,PA,2010,12717722,46612,653,16375,26112,276366,55206,204440,16720
1027,PA,2011,12743948,46189,639,16165,26046,283442,57966,208604,16872
1028,PA,2012,12764475,45384,707,15735,25571,276562,57040,204409,15113
1029,PA,2013,12781296,42825,611,14739,23680,263176,52000,197410,13766
1030,PA,2014,12793767,40298,610,13545,22304,246982,45718,188211,13053
1031,PA,2015,12791904,40348,665,12965,22419,231941,39573,180236,12132
1032,PA,2016,12784227,40447,661,12326,23027,222795,35520,174228,13047
1033,RI,1995,990000,3643,33,914,2429,38378,9234,24780,4364
1034,RI,1996,990000,3437,25,824,2301,36099,8135,23367,4597
1035,RI,1997,987000,3292,25,707,2197,32777,7083,21499,4195
1036,RI,1998,988000,3084,24,659,2050,31672,6452,21391,3829
1037,RI,1999,990819,2840,36,788,1625,32657,6341,22284,4032
1038,RI,2000,1048319,3121,45,922,1742,33323,6620,22038,4665
1039,RI,2001,1059659,3278,39,986,1837,35742,6824,23875,5043
1040,RI,2002,1068326,3051,41,916,1699,35342,6415,24051,4876
1041,RI,2003,1076084,3074,25,830,1714,32231,5524,22320,4387
1042,RI,2004,1079916,2673,26,731,1596,31166,5465,21623,4078
1043,RI,2005,1073579,2710,34,776,1577,29287,5319,19567,4401
1044,RI,2006,1067610,2460,27,740,1404,27914,5453,18852,3609
1045,RI,2007,1057832,2424,19,760,1387,27576,5206,19175,3195
1046,RI,2008,1050788,2656,31,880,1463,29895,5766,20926,3203
1047,RI,2009,1053209,2678,32,785,1565,27558,5753,19403,2402
1048,RI,2010,1052528,2709,29,782,1600,26959,6124,18432,2403
1049,RI,2011,1050646,2586,20,744,1503,27976,6836,18765,2375
1050,RI,2012,1050304,2657,26,715,1614,27039,5929,18478,2632
1051,RI,2013,1053354,2710,31,683,1547,25741,5621,17881,2239
1052,RI,2014,1054907,2320,26,530,1398,22982,4830,16317,1835
1053,RI,2015,1055607,2565,31,547,1520,20038,3938,14714,1386
1054,RI,2016,1056426,2524,29,540,1513,20058,3788,14674,1596
1055,SC,1995,3673000,36067,292,6461,27577,186656,46083,126416,14157
1056,SC,1996,3699000,36875,332,6361,28361,192986,47487,129650,15849
1057,SC,1997,3760000,37235,314,6624,28460,193402,46322,131325,15755
1058,SC,1998,3836000,34647,306,5943,26645,186960,44600,126412,15948
1059,SC,1999,3885736,32920,258,5760,25315,173987,39630,119912,14445
1060,SC,2000,4012012,33225,291,6220,25054,181290,40319,125385,15586
1061,SC,2001,4062125,33114,330,5987,25028,186054,42611,126742,16701
1062,SC,2002,4103770,33761,298,5774,25730,183808,43745,123196,16867
1063,SC,2003,4148744,33455,303,5801,25399,187592,43993,127809,15790
1064,SC,2004,4197892,33160,286,5468,25634,190456,43739,130991,15726
1065,SC,2005,4246933,32590,314,5657,24757,185606,42741,126489,16376
1066,SC,2006,4321249,33322,362,5902,25224,184712,42952,125075,16685
1067,SC,2007,4407709,34630,364,6354,26139,189304,45398,126802,17104
1068,SC,2008,4479800,32746,307,6595,24158,189950,45964,126316,17670
1069,SC,2009,4561242,30799,305,5753,23078,178310,45443,119250,13617
1070,SC,2010,4637106,27923,265,5017,21090,181098,46261,121544,13293
1071,SC,2011,4673348,27894,320,4631,21265,183243,47351,122255,13637
1072,SC,2012,4723417,26474,332,4511,19919,181049,45222,122340,13487
1073,SC,2013,4771929,24263,305,3965,17760,173261,40930,119730,12601
1074,SC,2014,4829160,24038,322,4018,17513,168281,37163,118173,12945
1075,SC,2015,4894834,24448,407,3950,17652,162830,34942,114778,13110
1076,SC,2016,4961119,24896,366,4035,18108,160928,32976,114032,13920
1077,SD,1995,729000,1513,13,189,1012,20799,3942,15976,881
1078,SD,1996,732000,1297,9,138,850,20443,4077,15532,834
1079,SD,1997,738000,1457,10,172,918,22491,4088,17545,858
1080,SD,1998,738000,1139,10,149,722,18227,3458,14006,763
1081,SD,1999,733133,1227,18,103,770,18159,3255,14043,861
1082,SD,2000,754844,1259,7,131,816,16252,2896,12558,798
1083,SD,2001,758324,1171,7,103,710,16473,3087,12571,815
1084,SD,2002,760437,1350,11,117,861,15992,3034,12139,819
1085,SD,2003,764905,1329,10,104,859,15324,2878,11572,874
1086,SD,2004,770621,1319,17,112,854,14885,3148,10890,847
1087,SD,2005,774883,1387,18,145,847,13694,2505,10350,839
1088,SD,2006,781919,2071,30,158,1418,13812,3024,9954,834
1089,SD,2007,796214,1926,31,118,1344,13829,2647,10398,784
1090,SD,2008,804194,2227,37,134,1494,13867,2683,10266,918
1091,SD,2009,812383,1777,30,117,1129,14378,2621,10891,866
1092,SD,2010,816598,2196,23,154,1634,15188,3192,11196,800
1093,SD,2011,823593,2105,20,167,1415,15299,2927,11423,949
1094,SD,2012,834047,2701,23,157,1921,17326,3280,12973,1073
1095,SD,2013,845510,2733,18,156,2052,16274,3383,11955,936
1096,SD,2014,853304,2801,23,199,2101,16036,2817,12209,1010
1097,SD,2015,857919,3302,33,215,2554,16739,2969,12576,1194
1098,SD,2016,865454,3621,27,272,2813,17141,3000,12639,1502
1099,TN,1995,5256000,40549,557,11732,25783,241315,60086,147143,34086
1100,TN,1996,5320000,41175,503,11902,26295,248729,61896,152405,34428
1101,TN,1997,5368000,42389,511,11487,27335,253484,62899,156843,33742
1102,TN,1998,5431000,38832,460,9667,26220,234588,58432,148057,28099
1103,TN,1999,5483535,38111,391,8598,26707,219302,51362,142685,25255
1104,TN,2000,5689283,40233,410,9465,28172,237985,56344,154111,27530
1105,TN,2001,5749398,42776,423,10219,29938,252992,59705,165015,28272
1106,TN,2002,5789796,41562,420,9413,29439,249399,61248,161610,26541
1107,TN,2003,5845208,40409,396,9413,28471,256565,63323,166769,26473
1108,TN,2004,5893298,41113,357,8863,29611,254991,60386,169828,24777
1109,TN,2005,5955745,45104,431,10009,32470,256093,61508,169357,25228
1110,TN,2006,6038803,46043,419,11143,32287,249860,63024,164183,22653
1111,TN,2007,6156719,46482,405,11033,32843,252342,61817,168807,21718
1112,TN,2008,6214888,44913,412,10804,31619,251089,65093,166793,19203
1113,TN,2009,6296254,41933,468,9653,29793,237157,63832,158309,15016
1114,TN,2010,6357436,38909,359,8361,28016,232855,64293,153729,14833
1115,TN,2011,6399787,38895,380,8082,28338,230900,62830,153928,14142
1116,TN,2012,6454914,41213,400,8151,30615,217925,56231,148731,12963
1117,TN,2013,6497269,38063,335,7333,27895,207683,51334,144443,11906
1118,TN,2014,6547779,39989,369,7268,29757,200911,46798,141464,12649
1119,TN,2015,6595056,40816,418,7499,30098,196047,43753,139259,13035
1120,TN,2016,6651194,42097,486,7813,31084,189835,40312,134404,15119
1121,TX,1995,18724000,124303,1693,33667,80380,940033,202642,632468,104923
1122,TX,1996,19128000,123270,1477,32804,80613,968732,204390,659414,104928
1123,TX,1997,19439000,117126,1327,30522,77266,948231,201059,645451,101721
1124,TX,1998,19760000,111566,1346,28677,73630,898496,194883,606967,96646
1125,TX,1999,20044141,112306,1217,29405,74070,896261,190362,613862,92037
1126,TX,2000,20851820,113653,1238,30257,74302,919658,188975,637522,93161
1127,TX,2001,21370983,122155,1332,35348,77306,976654,204362,669625,102667
1128,TX,2002,21736925,126018,1302,37580,78628,1004274,212602,688992,102680
1129,TX,2003,22103374,122246,1422,37017,75782,1016735,219877,698644,98214
1130,TX,2004,22471549,121554,1364,35817,75985,1010702,220118,696507,94077
1131,TX,2005,22928508,121091,1407,35790,75383,990293,219828,677042,93423
1132,TX,2006,23507783,121602,1386,37256,74531,959846,215710,648711,95425
1133,TX,2007,23904380,122014,1419,38778,73357,985421,228320,663101,94000
1134,TX,2008,24326974,123585,1370,37739,76421,969865,230046,654435,85384
1135,TX,2009,24782302,121684,1330,38022,74021,995082,240058,678455,76569
1136,TX,2010,25253466,113231,1249,32843,71517,951246,228597,654626,68023
1137,TX,2011,25631778,104734,1130,28620,67498,892810,215755,613131,63924
1138,TX,2012,26060796,106475,1148,30385,67227,876459,205002,606425,65032
1139,TX,2013,26505637,108757,1140,31810,65351,862289,191062,605440,65787
1140,TX,2014,26979078,109711,1192,31021,65862,813515,168085,577018,68412
1141,TX,2015,27429639,113193,1317,31924,67629,779234,153067,558653,67514
1142,TX,2016,27862596,121042,1478,33317,72880,768947,148740,551151,69056
1143,UT,1995,1951000,6415,76,1309,4196,112417,15623,89202,7592
1144,UT,1996,2000000,6638,63,1377,4362,113079,16965,87542,8572
1145,UT,1997,2059000,6878,50,1408,4443,116569,18335,89090,9144
1146,UT,1998,2100000,6599,65,1385,4274,109025,17070,84255,7700
1147,UT,1999,2129836,5869,44,1158,3861,100130,14592,78156,7382
1148,UT,2000,2233169,5711,43,1242,3563,94247,14348,73438,6461
1149,UT,2001,2278712,5314,67,1197,3154,90993,13804,70676,6513
1150,UT,2002,2318789,5488,47,1140,3358,97641,15124,74795,7722
1151,UT,2003,2352119,5889,60,1258,3652,100084,16961,75321,7802
1152,UT,2004,2420708,5647,46,1236,3398,97762,15225,74889,7648
1153,UT,2005,2490334,5612,56,1095,3541,95546,14971,72082,8493
1154,UT,2006,2550063,5771,51,1242,3587,89572,14721,66480,8371
1155,UT,2007,2645330,6347,59,1425,3928,93082,15594,68573,8915
1156,UT,2008,2736424,6165,41,1421,3788,92373,14766,70299,7308
1157,UT,2009,2784572,5998,39,1304,3714,91751,15258,69556,6937
1158,UT,2010,2775479,5925,53,1269,3620,88316,15095,67242,5979
1159,UT,2011,2814347,5547,50,1079,3517,84084,13170,64727,6187
1160,UT,2012,2854871,5939,52,1105,3807,86284,13095,67157,6032
1161,UT,2013,2902787,6644,51,1247,3824,88334,13727,67115,7492
1162,UT,2014,2944498,6464,66,1313,3538,85473,11656,66487,7330
1163,UT,2015,2990632,7138,57,1329,4048,89797,12606,68464,8727
1164,UT,2016,3051217,7407,72,1541,4274,90058,12836,67834,9388
1165,VT,1995,585000,692,13,64,450,19395,4451,14150,794
1166,VT,1996,589000,714,11,91,453,16973,3964,12124,885
1167,VT,1997,589000,705,9,79,461,15953,3611,11542,800
1168,VT,1998,591000,628,13,56,396,17924,3966,13084,874
1169,VT,1999,593740,676,17,65,458,16059,3537,11610,912
1170,VT,2000,608827,691,9,117,425,17494,3501,13184,809
1171,VT,2001,612978,644,7,107,423,16334,3150,12426,758
1172,VT,2002,616408,658,13,77,442,14942,3489,10684,769
1173,VT,2003,619343,707,15,62,504,13803,3017,10132,654
1174,VT,2004,621233,713,16,78,459,14559,3435,10537,587
1175,VT,2005,622387,782,8,76,545,14749,3185,10894,670
1176,VT,2006,623908,905,14,114,604,14920,3443,10857,620
1177,VT,2007,621254,802,13,79,582,14702,3200,10853,649
1178,VT,2008,621270,854,17,93,611,15903,3515,11802,586
1179,VT,2009,621760,837,8,111,586,15010,3471,11090,449
1180,VT,2010,625909,820,7,76,596,14160,3348,10373,439
1181,VT,2011,626592,925,11,99,669,15086,3838,10720,528
1182,VT,2012,625953,891,8,114,638,15653,4179,11014,460
1183,VT,2013,626855,775,10,75,554,13882,3352,10193,337
1184,VT,2014,626767,643,10,72,444,9721,2092,7375,254
1185,VT,2015,626088,747,10,105,482,9064,2034,6834,196
1186,VT,2016,624594,989,14,106,691,10602,2103,8217,282
1187,VA,1995,6618000,23921,503,8718,12901,240084,39388,181333,19363
1188,VA,1996,6675000,22782,500,8181,12318,242100,39255,184237,18608
1189,VA,1997,6734000,23249,488,8384,12558,237773,38475,180406,18892
1190,VA,1998,6791000,22115,422,7171,12712,226461,38094,170012,18355
1191,VA,1999,6872912,21626,392,6947,12567,210260,32411,159896,17953
1192,VA,2000,7078515,19943,401,6295,11631,194405,30434,146158,17813
1193,VA,2001,7196750,20939,364,6860,11945,207506,31604,157060,18842
1194,VA,2002,7287829,21256,388,6961,12068,207783,31757,157548,18478
1195,VA,2003,7365284,20490,416,6713,11554,200449,29105,153367,17977
1196,VA,2004,7481332,20608,390,6899,11503,200368,28759,154154,17455
1197,VA,2005,7564327,21434,458,7495,11718,200404,29829,154584,15991
1198,VA,2006,7642884,21683,403,7779,11672,190257,32166,143292,14799
1199,VA,2007,7712091,21035,415,7696,11131,191763,32028,145634,14101
1200,VA,2008,7769089,20031,370,7470,10397,196726,32188,151191,13347
1201,VA,2009,7882590,18195,370,6342,9911,194020,31956,150374,11690
1202,VA,2010,8023953,17184,376,5678,9550,187403,30804,145990,10609
1203,VA,2011,8104384,16014,304,5425,8694,182902,30656,142476,9770
1204,VA,2012,8186628,15676,322,4718,9131,178434,29651,139654,9129
1205,VA,2013,8270345,16355,320,4574,9111,171558,26717,136215,8626
1206,VA,2014,8328098,16522,350,4294,9462,161934,23210,131001,7723
1207,VA,2015,8367587,16705,390,4459,9357,157803,21542,128064,8197
1208,VA,2016,8411808,18302,484,4803,10278,156412,20018,126606,9788
1209,WA,1995,5431000,26300,275,7209,15602,314213,59265,224861,30087
1210,WA,1996,5533000,23857,255,6587,14187,303111,58512,215706,28893
1211,WA,1997,5610000,24724,244,6734,14864,307742,62064,213823,31855
1212,WA,1998,5689000,24380,224,6577,14839,309419,60446,213773,35200
1213,WA,1999,5756361,21716,171,5808,13026,280793,54652,192334,33807
1214,WA,2000,5894121,21788,196,5812,13043,279144,53476,190650,35018
1215,WA,2001,5993390,21258,179,5934,12545,287234,53024,195133,39077
1216,WA,2002,6067060,20964,184,5797,12249,288967,54948,193526,40493
1217,WA,2003,6131298,21272,182,5718,12509,291542,58271,192653,40618
1218,WA,2004,6207046,21330,190,5866,12417,300837,60632,196972,43233
1219,WA,2005,6291899,21745,205,5788,12941,307661,60343,198031,49287
1220,WA,2006,6395798,22303,197,6424,12934,288456,58843,183179,46434
1221,WA,2007,6468424,21768,174,6079,12862,261776,52874,170782,38120
1222,WA,2008,6549224,21888,193,6419,12623,249283,53136,167013,29134
1223,WA,2009,6664195,22412,190,6711,12928,245215,53047,168421,23747
1224,WA,2010,6742950,21138,154,5929,12476,249426,55192,168490,25744
1225,WA,2011,6823267,20152,163,5627,12042,244209,56561,162828,24820
1226,WA,2012,6895318,20553,217,5801,12285,254377,61376,166338,26663
1227,WA,2013,6973742,20223,167,5829,11623,259139,58487,172227,28425
1228,WA,2014,7063166,20185,178,5641,11586,261257,55381,175317,30559
1229,WA,2015,7160290,20505,218,5450,12059,249474,51114,171393,26967
1230,WA,2016,7288000,22023,195,5651,13100,254653,49180,173187,32286
1231,WV,1995,1828000,3842,89,781,2584,41093,10329,27724,3040
1232,WV,1996,1826000,3836,69,737,2672,41510,9979,28300,3231
1233,WV,1997,1816000,3971,75,782,2759,40868,10647,26934,3287
1234,WV,1998,1811000,4503,78,676,3410,41627,11110,27127,3390
1235,WV,1999,1806928,6336,79,661,5259,42825,10303,28760,3762
1236,WV,2000,1808344,5723,46,749,4597,41344,9890,28139,3315
1237,WV,2001,1800975,5035,40,707,3968,41085,9601,28268,3216
1238,WV,2002,1804884,4221,57,657,3179,41099,9677,27524,3898
1239,WV,2003,1811440,4627,73,701,3542,42370,10498,28409,3463
1240,WV,2004,1812548,5110,68,774,3922,46326,10994,31566,3766
1241,WV,2005,1814083,4968,82,816,3735,47757,11334,32603,3820
1242,WV,2006,1818470,5113,80,853,3776,47941,11579,32305,4057
1243,WV,2007,1812035,5016,65,847,3716,45620,10822,31321,3477
1244,WV,2008,1814468,5006,67,896,3654,45971,10840,31967,3164
1245,WV,2009,1819777,5554,84,914,4086,46215,12005,31453,2757
1246,WV,2010,1854368,5586,58,776,4390,41301,10778,28104,2419
1247,WV,2011,1854908,5497,87,802,4236,39009,10245,26656,2108
1248,WV,2012,1856680,5943,70,835,4623,44500,11466,30800,2234
1249,WV,2013,1853595,5657,62,653,4242,39929,9908,28055,1966
1250,WV,2014,1848751,5850,84,655,4517,38282,9368,26954,1960
1251,WV,2015,1841053,6397,85,783,4819,38694,9467,26984,2243
1252,WV,2016,1831102,6557,81,720,5099,37487,9301,25677,2509
1253,WI,1995,5123000,14399,219,5384,7602,184665,31416,134623,18626
1254,WI,1996,5160000,13039,204,4982,6767,184143,30356,135941,17846
1255,WI,1997,5170000,13988,205,5214,7521,176145,29503,131002,15640
1256,WI,1998,5224000,13009,190,4474,7308,172084,29740,128134,14210
1257,WI,1999,5250446,12908,179,4449,7225,160154,25633,120702,13819
1258,WI,2000,5363675,12700,169,4537,6829,159424,25183,119605,14636
1259,WI,2001,5405947,12486,192,4444,6708,166924,26927,125275,14722
1260,WI,2002,5439692,12238,154,4713,6134,164749,27926,123365,13458
1261,WI,2003,5474290,12104,183,4397,6322,157684,26546,118775,12363
1262,WI,2004,5503533,11548,154,4067,6191,146710,23854,111482,11374
1263,WI,2005,5527644,13367,206,4555,7471,147556,24448,110531,12577
1264,WI,2006,5556506,15899,165,5564,8937,156748,27038,115682,14028
1265,WI,2007,5601640,16330,185,5480,9438,159305,27890,117957,13458
1266,WI,2008,5627967,15507,146,5163,9070,155456,27459,116456,11541
1267,WI,2009,5654774,14650,146,4904,8482,147692,26813,111947,8932
1268,WI,2010,5691659,14167,155,4516,8305,142781,26636,107993,8152
1269,WI,2011,5709843,14268,138,4600,8340,139912,27167,104472,8273
1270,WI,2012,5724554,16254,169,4692,10165,140780,27931,104619,8230
1271,WI,2013,5742953,16118,163,4834,9285,125694,24358,93946,7390
1272,WI,2014,5759432,16763,159,5101,9826,120535,21375,89255,9905
1273,WI,2015,5767891,17549,240,5234,10270,114171,19602,83572,10997
1274,WI,2016,5778708,17679,229,4706,10765,111720,19425,82337,9958
1275,WY,1995,480000,1220,10,86,959,19517,2938,15774,805
1276,WY,1996,481000,1201,16,98,947,19261,3184,15408,669
1277,WY,1997,480000,1225,17,85,986,18843,2998,15198,647
1278,WY,1998,481000,1191,23,78,957,17124,2696,13759,669
1279,WY,1999,479602,1115,11,74,893,15468,2349,12523,596
1280,WY,2000,493782,1316,12,70,1074,14969,2078,12318,573
1281,WY,2001,493754,1272,9,84,1026,16120,2481,12943,696
1282,WY,2002,498830,1364,15,93,1108,16494,2448,13303,743
1283,WY,2003,502111,1314,14,84,1080,16648,2611,13239,798
1284,WY,2004,505887,1163,11,67,973,16889,2738,13352,799
1285,WY,2005,508798,1172,14,78,958,16070,2426,12905,739
1286,WY,2006,515004,1307,13,72,1071,15381,2322,12255,804
1287,WY,2007,522830,1344,21,84,1067,15053,2365,11875,813
1288,WY,2008,532668,1330,12,87,1046,14515,2198,11584,733
1289,WY,2009,544270,1196,11,78,935,14243,2176,11310,757
1290,WY,2010,564554,1117,8,77,870,13869,2151,11126,592
1291,WY,2011,567356,1245,18,71,1010,12878,1864,10493,521
1292,WY,2012,576626,1161,14,61,932,13222,2125,10513,584
1293,WY,2013,583223,1212,17,74,917,12809,1956,10275,578
1294,WY,2014,584304,1142,16,53,899,11477,1689,9185,603
1295,WY,2015,586555,1300,16,59,1054,11151,1762,8797,592
1296,WY,2016,585501,1430,20,59,1146,11460,1771,8889,800
